<?xml version="1.0" encoding="UTF-8"?>
<gmd:MD_Metadata xmlns:gmd="http://www.isotc211.org/2005/gmd" xmlns:gts="http://www.isotc211.org/2005/gts" xmlns:xsi="http://www.w3.org/2001/XMLSchema-instance" xmlns:gml="http://www.opengis.net/gml" xmlns:gco="http://www.isotc211.org/2005/gco" xmlns:geonet="http://www.fao.org/geonetwork" xsi:schemaLocation="http://www.isotc211.org/2005/gmd http://www.isotc211.org/2005/gmd/gmd.xsd">
	<gmd:fileIdentifier xmlns:srv="http://www.isotc211.org/2005/srv" xmlns:gmx="http://www.isotc211.org/2005/gmx">
		<gco:CharacterString>31c90a00-c652-4d1a-9269-3161528c4e3c</gco:CharacterString>
	</gmd:fileIdentifier>
	<gmd:language>
		<gco:CharacterString>spa</gco:CharacterString>
	</gmd:language>
	<gmd:characterSet>
		<gmd:MD_CharacterSetCode codeListValue="utf8" codeList="./resources/codeList.xml#MD_CharacterSetCode"/>
	</gmd:characterSet>
	<gmd:contact>
		<gmd:CI_ResponsibleParty>
			<gmd:individualName>
				<gco:CharacterString>Antonio Daniel Zapata Garcia</gco:CharacterString>
			</gmd:individualName>
			<gmd:organisationName>
				<gco:CharacterString>Instituto Nacional de Reforma Agraria</gco:CharacterString>
			</gmd:organisationName>
			<gmd:positionName>
				<gco:CharacterString>Supervisor técnico de catastro</gco:CharacterString>
			</gmd:positionName>
			<gmd:contactInfo>
				<gmd:CI_Contact>
					<gmd:phone>
						<gmd:CI_Telephone>
							<gmd:voice>
								<gco:CharacterString>591-22408456</gco:CharacterString>
							</gmd:voice>
							<gmd:facsimile>
								<gco:CharacterString>No disponible</gco:CharacterString>
							</gmd:facsimile>
						</gmd:CI_Telephone>
					</gmd:phone>
					<gmd:address>
						<gmd:CI_Address>
							<gmd:deliveryPoint>
								<gco:CharacterString>Calle Junin # 745, Esquina Calle Indaburo</gco:CharacterString>
							</gmd:deliveryPoint>
							<gmd:city>
								<gco:CharacterString>La Paz</gco:CharacterString>
							</gmd:city>
							<gmd:administrativeArea>
								<gco:CharacterString>Departamento de La Paz</gco:CharacterString>
							</gmd:administrativeArea>
							<gmd:postalCode>
								<gco:CharacterString>No disponible</gco:CharacterString>
							</gmd:postalCode>
							<gmd:country>
								<gco:CharacterString>Bolivia</gco:CharacterString>
							</gmd:country>
							<gmd:electronicMailAddress>
								<gco:CharacterString>daniel.zapata@inra.gob.bo</gco:CharacterString>
							</gmd:electronicMailAddress>
						</gmd:CI_Address>
					</gmd:address>
					<gmd:onlineResource>
						<gmd:CI_OnlineResource>
							<gmd:linkage>
								<gmd:URL>http://www.inra.gob.bo/</gmd:URL>
							</gmd:linkage>
							<gmd:protocol>
								<gco:CharacterString>WWW:LINK-1.0-http--link</gco:CharacterString>
							</gmd:protocol>
							<gmd:name>
								<gco:CharacterString>INRA</gco:CharacterString>
							</gmd:name>
							<gmd:description>
								<gco:CharacterString>Pśgina del Instituto Nacional de Reforma Agraria</gco:CharacterString>
							</gmd:description>
						</gmd:CI_OnlineResource>
					</gmd:onlineResource>
				</gmd:CI_Contact>
			</gmd:contactInfo>
			<gmd:role>
				<gmd:CI_RoleCode codeListValue="resourceProvider" codeList="http://www.isotc211.org/2005/resources/codeList.xml#CI_RoleCode"/>
			</gmd:role>
		</gmd:CI_ResponsibleParty>
	</gmd:contact>
	<gmd:dateStamp>
		<gco:DateTime xmlns:srv="http://www.isotc211.org/2005/srv" xmlns:gmx="http://www.isotc211.org/2005/gmx">2013-03-13T18:16:04</gco:DateTime>
	</gmd:dateStamp>
	<gmd:referenceSystemInfo>
		<gmd:MD_ReferenceSystem>
			<gmd:referenceSystemIdentifier>
				<gmd:RS_Identifier>
					<gmd:code>
						<gco:CharacterString>WGS 84 (EPSG:4326)</gco:CharacterString>
					</gmd:code>
					<gmd:codeSpace>
						<gco:CharacterString>EPSG</gco:CharacterString>
					</gmd:codeSpace>
					<gmd:version>
						<gco:CharacterString>7.5.0.1</gco:CharacterString>
					</gmd:version>
				</gmd:RS_Identifier>
			</gmd:referenceSystemIdentifier>
		</gmd:MD_ReferenceSystem>
	</gmd:referenceSystemInfo>
	<gmd:identificationInfo>
		<gmd:MD_DataIdentification>
			<gmd:citation>
				<gmd:CI_Citation>
					<gmd:title>
						<gco:CharacterString>Tierras Comunitarias de origen (TCO) tituladas  por el Instituto Nacional de Reforma Agraria - INRA 2012</gco:CharacterString>
					</gmd:title>
					<gmd:date>
						<gmd:CI_Date>
							<gmd:date>
								<gco:DateTime>2012-12-18T16:54:00</gco:DateTime>
							</gmd:date>
							<gmd:dateType>
								<gmd:CI_DateTypeCode codeListValue="publication" codeList="http://www.isotc211.org/2005/resources/codeList.xml#CI_DateTypeCode"/>
							</gmd:dateType>
						</gmd:CI_Date>
					</gmd:date>
					<gmd:edition>
						<gco:CharacterString>1ra edición</gco:CharacterString>
					</gmd:edition>
					<gmd:presentationForm>
						<gmd:CI_PresentationFormCode codeListValue="mapDigital" codeList="http://www.isotc211.org/2005/resources/codeList.xml#CI_PresentationFormCode"/>
					</gmd:presentationForm>
				</gmd:CI_Citation>
			</gmd:citation>
			<gmd:abstract>
				<gco:CharacterString>Información gráfica del mosaico de predios titulados  bajo la modalidad SAN-TCO en áreas comprendidas como Tierras Comunitarias de Origen (TCOS´s),  donde se respetan los derechos legalmente adquiridos por terceros, mismos que cuentan con titulo ejecutorial emitido por el Instituto Nacional de Reforma Agraria en el proceso de saneamiento de la propiedad agraria en Bolivia. El saneamiento de tierras en Bolivia es el procedimiento técnico-jurídico transitorio destinado a regularizar y  perfeccionar el derecho de la propiedad agraria y se ejecuta de oficio o a pedido de parte. Datos actualizados a diciembre de 2012 por el Instituto Nacional de Reforma Agraria (INRA) en áreas donde viven los pueblos indígenas originarios, con la activa participación de sus comunidades.</gco:CharacterString>
			</gmd:abstract>
			<gmd:purpose>
				<gco:CharacterString>Información generada para consulta general de Tierras Comunitarias de Origen titulados por el Instituto Nacional de Reforma Agraria en Bolivia, sin permiso previo a modificación.</gco:CharacterString>
			</gmd:purpose>
			<gmd:status>
				<gmd:MD_ProgressCode codeListValue="completed" codeList="http://www.isotc211.org/2005/resources/codeList.xml#MD_ProgressCode"/>
			</gmd:status>
			<gmd:pointOfContact>
				<gmd:CI_ResponsibleParty>
					<gmd:individualName>
						<gco:CharacterString>Antonio Daniel Zapata Garcia</gco:CharacterString>
					</gmd:individualName>
					<gmd:organisationName>
						<gco:CharacterString>Instituto Nacional de Reforma Agraria - INRA</gco:CharacterString>
					</gmd:organisationName>
					<gmd:positionName>
						<gco:CharacterString>Supervisor técnico de catastro</gco:CharacterString>
					</gmd:positionName>
					<gmd:contactInfo>
						<gmd:CI_Contact>
							<gmd:phone>
								<gmd:CI_Telephone>
									<gmd:voice>
										<gco:CharacterString>591-22408456</gco:CharacterString>
									</gmd:voice>
									<gmd:facsimile>
										<gco:CharacterString>No disponible</gco:CharacterString>
									</gmd:facsimile>
								</gmd:CI_Telephone>
							</gmd:phone>
							<gmd:address>
								<gmd:CI_Address>
									<gmd:deliveryPoint>
										<gco:CharacterString>Calle Junin # 745, Esquina Calle Indaburo</gco:CharacterString>
									</gmd:deliveryPoint>
									<gmd:city>
										<gco:CharacterString>La Paz</gco:CharacterString>
									</gmd:city>
									<gmd:administrativeArea>
										<gco:CharacterString>Departamento de La Paz</gco:CharacterString>
									</gmd:administrativeArea>
									<gmd:postalCode>
										<gco:CharacterString>4786</gco:CharacterString>
									</gmd:postalCode>
									<gmd:country>
										<gco:CharacterString>Bolivia</gco:CharacterString>
									</gmd:country>
									<gmd:electronicMailAddress>
										<gco:CharacterString>daniel.zapata@inra.gob.bo</gco:CharacterString>
									</gmd:electronicMailAddress>
								</gmd:CI_Address>
							</gmd:address>
						</gmd:CI_Contact>
					</gmd:contactInfo>
					<gmd:role>
						<gmd:CI_RoleCode codeListValue="resourceProvider" codeList="http://www.isotc211.org/2005/resources/codeList.xml#CI_RoleCode"/>
					</gmd:role>
				</gmd:CI_ResponsibleParty>
			</gmd:pointOfContact>
			<gmd:resourceMaintenance>
				<gmd:MD_MaintenanceInformation>
					<gmd:maintenanceAndUpdateFrequency>
						<gmd:MD_MaintenanceFrequencyCode codeListValue="weekly" codeList="http://www.isotc211.org/2005/resources/codeList.xml#MD_MaintenanceFrequencyCode"/>
					</gmd:maintenanceAndUpdateFrequency>
				</gmd:MD_MaintenanceInformation>
			</gmd:resourceMaintenance>
			<gmd:graphicOverview xmlns:srv="http://www.isotc211.org/2005/srv">
				<gmd:MD_BrowseGraphic>
					<gmd:fileName>
						<gco:CharacterString>tco_inra_s.png</gco:CharacterString>
					</gmd:fileName>
					<gmd:fileDescription>
						<gco:CharacterString>thumbnail</gco:CharacterString>
					</gmd:fileDescription>
					<gmd:fileType>
						<gco:CharacterString>png</gco:CharacterString>
					</gmd:fileType>
				</gmd:MD_BrowseGraphic>
			</gmd:graphicOverview>
			<gmd:graphicOverview xmlns:srv="http://www.isotc211.org/2005/srv">
				<gmd:MD_BrowseGraphic>
					<gmd:fileName>
						<gco:CharacterString>tco_inra.png</gco:CharacterString>
					</gmd:fileName>
					<gmd:fileDescription>
						<gco:CharacterString>large_thumbnail</gco:CharacterString>
					</gmd:fileDescription>
					<gmd:fileType>
						<gco:CharacterString>png</gco:CharacterString>
					</gmd:fileType>
				</gmd:MD_BrowseGraphic>
			</gmd:graphicOverview>
			<gmd:descriptiveKeywords>
				<gmd:MD_Keywords>
					<gmd:keyword>
						<gco:CharacterString>Parcelas catastrales</gco:CharacterString>
					</gmd:keyword>
					<gmd:type>
						<gmd:MD_KeywordTypeCode codeList="http://www.isotc211.org/2005/resources/codeList.xml#MD_KeywordTypeCode" codeListValue="theme"/>
					</gmd:type>
					<gmd:thesaurusName>
						<gmd:CI_Citation>
							<gmd:title>
								<gco:CharacterString>Geobolivia</gco:CharacterString>
							</gmd:title>
							<gmd:date gco:nilReason="unknown"/>
						</gmd:CI_Citation>
					</gmd:thesaurusName>
				</gmd:MD_Keywords>
			</gmd:descriptiveKeywords>
			<gmd:descriptiveKeywords>
				<gmd:MD_Keywords>
					<gmd:keyword>
						<gco:CharacterString>Catastro</gco:CharacterString>
					</gmd:keyword>
					<gmd:keyword>
						<gco:CharacterString>Propiedad</gco:CharacterString>
					</gmd:keyword>
					<gmd:type>
						<gmd:MD_KeywordTypeCode codeList="http://www.isotc211.org/2005/resources/codeList.xml#MD_KeywordTypeCode" codeListValue="theme"/>
					</gmd:type>
				</gmd:MD_Keywords>
			</gmd:descriptiveKeywords>
			<gmd:descriptiveKeywords>
				<gmd:MD_Keywords>
					<gmd:keyword>
						<gco:CharacterString>Bolivia</gco:CharacterString>
					</gmd:keyword>
					<gmd:type>
						<gmd:MD_KeywordTypeCode codeListValue="place" codeList="http://www.isotc211.org/2005/resources/codeList.xml#MD_KeywordTypeCode"/>
					</gmd:type>
				</gmd:MD_Keywords>
			</gmd:descriptiveKeywords>
			<gmd:resourceConstraints>
				<gmd:MD_LegalConstraints>
					<gmd:accessConstraints>
						<gmd:MD_RestrictionCode codeListValue="copyright" codeList="http://www.isotc211.org/2005/resources/codeList.xml#MD_RestrictionCode"/>
					</gmd:accessConstraints>
					<gmd:useConstraints>
						<gmd:MD_RestrictionCode codeListValue="copyright" codeList="http://www.isotc211.org/2005/resources/codeList.xml#MD_RestrictionCode"/>
					</gmd:useConstraints>
					<gmd:otherConstraints gco:nilReason="missing">
						<gco:CharacterString/>
					</gmd:otherConstraints>
				</gmd:MD_LegalConstraints>
			</gmd:resourceConstraints>
			<gmd:spatialRepresentationType>
				<gmd:MD_SpatialRepresentationTypeCode codeListValue="vector" codeList="http://www.isotc211.org/2005/resources/codeList.xml#MD_SpatialRepresentationTypeCode"/>
			</gmd:spatialRepresentationType>
			<gmd:spatialResolution>
				<gmd:MD_Resolution>
					<gmd:equivalentScale>
						<gmd:MD_RepresentativeFraction>
							<gmd:denominator>
								<gco:Integer/>
							</gmd:denominator>
						</gmd:MD_RepresentativeFraction>
					</gmd:equivalentScale>
				</gmd:MD_Resolution>
			</gmd:spatialResolution>
			<gmd:language>
				<gco:CharacterString>spa</gco:CharacterString>
			</gmd:language>
			<gmd:characterSet>
				<gmd:MD_CharacterSetCode codeListValue="utf8" codeList="http://www.isotc211.org/2005/resources/codeList.xml#MD_CharacterSetCode"/>
			</gmd:characterSet>
			<gmd:extent>
				<gmd:EX_Extent>
					<gmd:temporalElement>
						<gmd:EX_TemporalExtent>
							<gmd:extent>
								<gml:TimePeriod gml:id="d13532e264a1052958">
									<gml:beginPosition/>
									<gml:endPosition>2012-12-18T17:07:00</gml:endPosition>
								</gml:TimePeriod>
							</gmd:extent>
						</gmd:EX_TemporalExtent>
					</gmd:temporalElement>
				</gmd:EX_Extent>
			</gmd:extent>
			<gmd:extent>
				<gmd:EX_Extent>
					<gmd:geographicElement>
						<gmd:EX_GeographicBoundingBox>
							<gmd:westBoundLongitude>
								<gco:Decimal>-69.6562</gco:Decimal>
							</gmd:westBoundLongitude>
							<gmd:eastBoundLongitude>
								<gco:Decimal>-57.5211</gco:Decimal>
							</gmd:eastBoundLongitude>
							<gmd:southBoundLatitude>
								<gco:Decimal>-22.9011</gco:Decimal>
							</gmd:southBoundLatitude>
							<gmd:northBoundLatitude>
								<gco:Decimal>-9.6792</gco:Decimal>
							</gmd:northBoundLatitude>
						</gmd:EX_GeographicBoundingBox>
					</gmd:geographicElement>
				</gmd:EX_Extent>
			</gmd:extent>
			<gmd:supplementalInformation>
				<gco:CharacterString>Predios en modalidad de TCO titulados que no se encuentran aun en la capa dependen de la actualización que va dependiendo de los predios que el SIST (Sistema Nacional de Saneamiento y Titulación) va reportando.</gco:CharacterString>
			</gmd:supplementalInformation>
		</gmd:MD_DataIdentification>
	</gmd:identificationInfo>
	<gmd:distributionInfo>
		<gmd:MD_Distribution>
			<gmd:distributionFormat>
				<gmd:MD_Format>
					<gmd:name>
						<gco:CharacterString>Shapefile</gco:CharacterString>
					</gmd:name>
					<gmd:version>
						<gco:CharacterString>.shp</gco:CharacterString>
					</gmd:version>
				</gmd:MD_Format>
			</gmd:distributionFormat>
			<gmd:transferOptions>
				<gmd:MD_DigitalTransferOptions>
					<gmd:onLine>
						<gmd:CI_OnlineResource>
							<gmd:linkage>
								<gmd:URL>http://www.inra.gob.bo/</gmd:URL>
							</gmd:linkage>
							<gmd:protocol>
								<gco:CharacterString>WWW:LINK-1.0-http--link</gco:CharacterString>
							</gmd:protocol>
							<gmd:name>
								<gco:CharacterString>Página del Instituto Nacional de Reforma Agraria</gco:CharacterString>
							</gmd:name>
						</gmd:CI_OnlineResource>
					</gmd:onLine>
					<gmd:onLine>
						<gmd:CI_OnlineResource>
							<gmd:linkage xmlns:srv="http://www.isotc211.org/2005/srv" xmlns:gmx="http://www.isotc211.org/2005/gmx">
								<gmd:URL>http://www.geo.gob.bo/geonetwork/srv/fr/resources.get?id=10842&amp;fname=&amp;access=private</gmd:URL>
							</gmd:linkage>
							<gmd:protocol>
								<gco:CharacterString>WWW:DOWNLOAD-1.0-http--download</gco:CharacterString>
							</gmd:protocol>
							<gmd:name xmlns:srv="http://www.isotc211.org/2005/srv" xmlns:gmx="http://www.isotc211.org/2005/gmx">
								<gmx:MimeFileType type=""/>
							</gmd:name>
							<gmd:description>
								<gco:CharacterString/>
							</gmd:description>
						</gmd:CI_OnlineResource>
					</gmd:onLine>
					<gmd:onLine>
						<gmd:CI_OnlineResource>
							<gmd:linkage>
								<gmd:URL>http://geo.gob.bo/geoserver/wms</gmd:URL>
							</gmd:linkage>
							<gmd:protocol>
								<gco:CharacterString>OGC:WMS-1.1.1-http-get-map</gco:CharacterString>
							</gmd:protocol>
							<gmd:name>
								<gco:CharacterString>inra:tco_titulado_2012</gco:CharacterString>
							</gmd:name>
							<gmd:description>
								<gco:CharacterString>Acceso al servicio de mapas (WMS)</gco:CharacterString>
							</gmd:description>
						</gmd:CI_OnlineResource>
					</gmd:onLine>
				</gmd:MD_DigitalTransferOptions>
			</gmd:transferOptions>
		</gmd:MD_Distribution>
	</gmd:distributionInfo>
	<Esri><CreaDate>20190415</CreaDate><CreaTime>14310900</CreaTime><ArcGISFormat>1.0</ArcGISFormat><SyncOnce>TRUE</SyncOnce></Esri></gmd:MD_Metadata>
