/*PRIMERA PARTE*/
CREATE TABLE rol
(
  id_rol numeric NOT NULL primary key,
  descripcion varchar(200) NOT NULL
);
CREATE TABLE usuario
(
  id_usuario varchar(8) primary key,
  usuario varchar(30) NOT NULL,
  contrasena varchar(30) NOT NULL,
  dir_imagen varchar(100),
  id_rol numeric NOT NULL
);
CREATE TABLE cargo
(
  id_cargo varchar(8) NOT NULL primary key,
  nombre_cargo varchar(200) NOT NULL,
  salario numeric
);
CREATE TABLE persona
(
  id_persona numeric NOT NULL primary key,
  numero_ci varchar(20) NOT NULL,
  nombre_persona varchar(50) NOT NULL,
  apellido_persona varchar(50),
  telefono numeric,
  correo varchar(50),
  fecha_nacimiento date
);
CREATE TABLE personal
(
  id_persona numeric NOT NULL primary key,
  fecha_contratacion date,
  id_cargo varchar(8),
  id_usuario varchar(8)
)
INHERITS (persona);



ALTER TABLE usuario ADD FOREIGN KEY(id_rol) REFERENCES rol(id_rol);
ALTER TABLE personal ADD FOREIGN KEY(id_usuario) REFERENCES usuario(id_usuario);
ALTER TABLE cargo ADD FOREIGN KEY(id_cargo) REFERENCES cargo(id_cargo);

CREATE SEQUENCE sq_cargo
start 1000
increment 1;
CREATE SEQUENCE sq_proyecto
start 1
increment 1;
CREATE SEQUENCE sq_persona
start 1000
increment 1;
CREATE SEQUENCE sq_rol
start 1000
increment 1;
CREATE SEQUENCE sq_usuario
start 1000
increment 1;


/*SEGUNDA PARTE*/

create table tipo_notificacion(
id_tipo_notificacion numeric primary key,
titulo varchar(30)
);
create table notificacion(
id_notificacion varchar(50) primary key,
referencia varchar(400),
id_emisor varchar(8),
id_receptor varchar(8),
id_tipo_notificacion numeric,
leido_notificacion numeric,
creado_en timestamp
);

create table conversacion(
id_conversacion numeric primary key,
creado_en timestamp,
id_emisor varchar(8),
id_receptor varchar(8)
);
create table mensaje(
id_mensaje numeric primary key,
contenido varchar(400),
id_usuario varchar(8),
id_conversacion numeric,
creado_en timestamp,
leido_mensaje numeric
);

ALTER TABLE notificacion ADD FOREIGN KEY(id_tipo_notificacion) REFERENCES tipo_notificacion(id_tipo_notificacion);
ALTER TABLE notificacion ADD FOREIGN KEY(id_emisor) REFERENCES usuario(id_usuario);
ALTER TABLE notificacion ADD FOREIGN KEY(id_receptor) REFERENCES usuario(id_usuario);

ALTER TABLE mensaje ADD FOREIGN KEY(id_conversacion) REFERENCES conversacion(id_conversacion);
ALTER TABLE id_usuario ADD FOREIGN KEY(id_usuario) REFERENCES usuario(id_usuario);

CREATE SEQUENCE sq_notificacion
start 1000
increment 1;

CREATE SEQUENCE sq_tipo_notificacion
start 1000
increment 1;

CREATE SEQUENCE sq_conversacion
start 1000
increment 1;

CREATE SEQUENCE sq_mensaje
start 1000
increment 1;

/*TERCERA PARTE Vista*/


CREATE VIEW v_datos_usuario AS 
 SELECT u.id_rol, p.id_cargo, p.id_usuario, p.id_persona, p.numero_ci, 
    p.nombre_persona, p.apellido_persona, p.telefono, p.correo, 
    p.fecha_nacimiento, p.fecha_contratacion, u.usuario, u.contrasena, 
    u.dir_imagen, c.nombre_cargo, c.salario, r.descripcion
   FROM personal p
   JOIN usuario u USING (id_usuario)
   JOIN cargo c USING (id_cargo)
   JOIN rol r USING (id_rol)
  ORDER BY u.usuario;


Insert into cargo values(nextval('sq_cargo'),'Analista de sistemas',2000);
Insert into cargo values(nextval('sq_cargo'),'Jefe de pruebas',2000);
Insert into cargo values(nextval('sq_cargo'),'Cordinador de proyectos',2000);
Insert into cargo values('00-N','Ninguno',0);

insert into rol values(2,'Administrador');
insert into rol values(nextval('sq_rol'),'Usuario comun');
insert into rol values(nextval('sq_rol'),'Usuario Avanzado');




CREATE TABLE estado
(
  id_estado numeric primary key,
  descripcion_est character varying(200) NOT NULL
);

insert into estado values(1,'Nuevo');
insert into estado values(2,'En progreso');
insert into estado values(3,'SIN MODIFICACIONES');
insert into estado values(4,'REALIZADO');
insert into estado values(5,'REALIZADO CON OBSERVACIONES');

CREATE TABLE proyecto
(
  id_proyecto varchar(20) primary key,
  nombre_proyecto character varying(250) NOT NULL,
  fecha_inicio date NOT NULL DEFAULT '0001-01-01'::date,
  fecha_fin date NOT NULL DEFAULT '0001-01-01'::date,
  responsable varchar(8) NOT NULL,
  estado numeric NOT NULL DEFAULT 1::numeric
);  


CREATE SEQUENCE sq_proyecto
start 1000
increment 1;
ALTER TABLE proyecto ADD COLUMN f_registro timestamp;

insert into proyecto values('PY-00-2019','Prueba-Proy','0001-01-01','0001-01-01',1009,1);
insert into proyecto values('PY-01-2019','Prueba-Proy-2','0001-01-01','0001-01-01',1009,1);  


ALTER TABLE proyecto ADD FOREIGN KEY(responsable) REFERENCES usuario(id_usuario);
ALTER TABLE proyecto ADD FOREIGN KEY(estado) REFERENCES estado(id_estado);
/*FTIERRA DB*/



CREATE TABLE IF NOT EXISTS comunidad (
  com_id numeric NOT NULL,
  com_nom varchar(250) DEFAULT NULL,
  com_sup decimal(10,4) NOT NULL DEFAULT '0.0000',
  com_nroaproxfam numeric NOT NULL DEFAULT '0',
  com_nroaproxpar numeric NOT NULL DEFAULT '0',
  com_nrofam numeric NOT NULL DEFAULT '0',
  com_nropar numeric NOT NULL DEFAULT '0',
  com_fechaini date NOT NULL,
  com_fechapar date NOT NULL,
  com_smes decimal(10,4) NOT NULL DEFAULT '0.0000',
  com_ppmes float NOT NULL,
  com_est numeric NOT NULL DEFAULT '1',
  com_sem numeric NOT NULL,
  com_obs varchar(250) NOT NULL,
  dep_id numeric NOT NULL,
  pro_id numeric NOT NULL,
  mun_id numeric NOT NULL,
  us_id numeric NOT NULL
);

--
-- Volcado de datos para la tabla comunidad
--

INSERT INTO comunidad (com_id, com_nom, com_sup, com_nroaproxfam, com_nroaproxpar, com_nrofam, com_nropar, com_fechaini, com_fechapar, com_smes, com_ppmes, com_est, com_sem, com_obs, dep_id, pro_id, mun_id, us_id) VALUES
(1, 'ORIGINARIA PALLINA GRANDE', '0.0000', 63, 134, 63, 134, '2007-01-01', '2010-05-19', '0.0000', 0, 1, 303, '', 2, 18, 61, 1),
(2, 'ORIGINARIA PALLINA CENTRO', '0.0000', 37, 36, 38, 46, '2008-01-01', '2010-05-18', '0.0000', 0, 1, 306, '', 2, 18, 61, 1),
(3, 'ORIGINARIA HILATA SAN JORGE', '0.0000', 69, 180, 69, 180, '2008-01-01', '2010-05-19', '0.0000', 0, 1, 105, '', 2, 18, 61, 1),
(4, 'CAMPESINA HILATA SANTA TRINIDAD', '0.0000', 95, 193, 95, 213, '2008-01-01', '2010-05-18', '0.0000', 0, 1, 105, '', 2, 18, 61, 1),
(5, 'ORIGINARIA SAN VICENTE DE COLLAGUA', '0.0000', 157, 164, 157, 164, '2008-01-01', '2010-05-24', '0.0000', 0, 1, 101, '', 2, 18, 61, 1),
(6, 'HILATA CENTRO', '0.0000', 247, 250, 247, 250, '2008-01-01', '2010-05-21', '0.0000', 0, 1, 107, '', 2, 18, 61, 1),
(7, 'ORIGINARIA CHUKI ÑUMA IRPA GRANDE', '0.0000', 0, 0, 0, 0, '2010-01-27', '0001-01-01', '0.0000', 0, 1, 515, '', 2, 18, 61, 1),
(8, 'PUEBLO TIHUANACU', '0.0000', 0, 0, 0, 0, '0001-01-01', '0001-01-01', '0.0000', 0, 1, 0, '', 2, 18, 63, 1),
(9, 'QUERUNI', '0.0000', 0, 0, 0, 0, '2009-09-04', '0001-01-01', '0.0000', 0, 1, 502, '', 2, 18, 63, 1),
(10, 'CHALLA JAHUIRA', '0.0000', 0, 0, 0, 0, '2009-07-21', '0001-01-01', '0.0000', 0, 1, 418, '', 2, 18, 61, 1),
(11, 'COLLANA', '0.0000', 0, 0, 0, 0, '0001-01-01', '0001-01-01', '0.0000', 0, 1, 0, '', 2, 23, 94, 1),
(12, 'COLQUECHATA', '0.0000', 0, 0, 0, 0, '2010-02-05', '0001-01-01', '0.0000', 0, 1, 0, '', 2, 11, 31, 1),
(13, 'ROSA PATA', '0.0000', 0, 0, 0, 0, '2009-09-18', '0001-01-01', '0.0000', 0, 1, 507, '', 2, 18, 63, 1),
(14, 'SURIRI', '0.0000', 0, 0, 0, 0, '2009-09-04', '0001-01-01', '0.0000', 0, 1, 506, '', 2, 18, 63, 1),
(15, 'CONTORNO BAJO', '0.0000', 123, 162, 123, 162, '2008-09-17', '2010-05-18', '0.0000', 0, 1, 307, '', 2, 18, 61, 1),
(16, 'JALSURI', '0.0000', 0, 0, 0, 0, '2009-09-26', '0001-01-01', '0.0000', 0, 1, 514, '', 2, 18, 61, 1),
(17, 'VIRILOCO', '0.0000', 0, 0, 0, 0, '2010-02-19', '0001-01-01', '0.0000', 0, 1, 0, '', 2, 18, 61, 1),
(18, 'COPALACAYA', '0.0000', 0, 0, 0, 0, '2009-09-08', '0001-01-01', '0.0000', 0, 1, 0, '', 2, 18, 61, 1),
(19, 'AYLLU SULLCATITI ARRIBA', '0.0000', 0, 0, 0, 0, '2009-09-16', '0001-01-01', '0.0000', 0, 1, 511, '', 2, 18, 66, 1),
(20, 'MUNICIPIO DE VIACHA', '0.0000', 0, 0, 0, 0, '2007-08-28', '0001-01-01', '0.0000', 0, 1, 0, '', 2, 18, 61, 1),
(21, 'ORIGINARIA SEQUE JAHUIRA', '0.0000', 0, 0, 0, 0, '2009-08-21', '0001-01-01', '0.0000', 0, 0, 0, '', 2, 18, 61, 1),
(22, 'ORIGINARIA IRPUMA IRPA GRANDE', '0.0000', 0, 0, 0, 0, '2009-09-10', '0001-01-01', '0.0000', 0, 1, 0, '', 2, 18, 61, 1),
(23, 'ORIGINARA SULLCATITI UMARUCHA ARRIBA', '0.0000', 0, 0, 0, 0, '2009-09-08', '0001-01-01', '0.0000', 0, 0, 0, '', 2, 18, 61, 1),
(24, 'CHIPUSPURI', '0.0000', 0, 0, 0, 0, '0001-01-01', '0001-01-01', '0.0000', 0, 1, 0, '', 2, 14, 47, 1),
(25, 'CANTON AMBANA', '0.0000', 0, 0, 0, 0, '0001-01-01', '0001-01-01', '0.0000', 0, 1, 0, '', 2, 14, 47, 1),
(26, 'MUNICIPIO DE TIAHUANACU', '0.0000', 0, 0, 0, 0, '0001-01-01', '0001-01-01', '0.0000', 0, 1, 0, '', 2, 18, 63, 1),
(27, 'MANCOMUNIDAD CONTORNO', '0.0000', 0, 0, 0, 0, '2009-04-13', '0001-01-01', '0.0000', 0, 1, 413, '', 2, 18, 61, 1),
(28, 'YAURICORAHUA', '0.0000', 0, 0, 0, 0, '2010-03-17', '0001-01-01', '0.0000', 0, 1, 0, '', 2, 18, 62, 1),
(29, 'LOJPAYA', '0.0000', 0, 0, 0, 0, '2010-03-22', '0001-01-01', '0.0000', 0, 1, 0, '', 2, 27, 102, 1),
(30, 'QUIRICACHI', '0.0000', 0, 0, 0, 0, '2007-07-05', '0001-01-01', '0.0000', 0, 1, 116, '', 2, 14, 47, 1),
(31, 'CALDERA', '0.0000', 0, 0, 0, 0, '2010-03-29', '0001-01-01', '0.0000', 0, 1, 117, '', 2, 14, 47, 1),
(32, 'SEHUENQUERA', '0.0000', 0, 0, 0, 0, '2010-03-29', '0001-01-01', '0.0000', 0, 1, 208, '', 2, 14, 47, 1),
(33, 'YAHUARQUILLA', '0.0000', 0, 0, 0, 0, '2010-03-29', '0001-01-01', '0.0000', 0, 1, 210, '', 2, 14, 47, 1),
(34, 'CUTUSHUMA', '0.0000', 0, 0, 0, 0, '2010-03-29', '0001-01-01', '0.0000', 0, 1, 209, '', 2, 14, 47, 1),
(35, 'CAPAHUAYA', '0.0000', 0, 0, 0, 0, '2010-03-29', '0001-01-01', '0.0000', 0, 1, 0, '', 2, 14, 47, 1),
(36, 'ACHICA BAJA', '0.0000', 0, 0, 0, 0, '2006-11-09', '0001-01-01', '0.0000', 0, 1, 100, '', 2, 18, 61, 1),
(37, 'VILLA PONGUINI', '0.0000', 0, 0, 0, 0, '0001-01-01', '0001-01-01', '0.0000', 0, 1, 102, '', 2, 18, 61, 1),
(38, 'QUINAMAYA', '0.0000', 0, 0, 0, 0, '2007-06-08', '0001-01-01', '0.0000', 0, 1, 103, '', 2, 18, 61, 1),
(39, 'CONIRI UNKASUKA', '0.0000', 0, 0, 0, 0, '2007-06-25', '0001-01-01', '0.0000', 0, 1, 104, '', 2, 18, 61, 1),
(40, 'CONIRI ALTO CHAÑOJAHUA', '0.0000', 0, 0, 0, 0, '2007-06-25', '0001-01-01', '0.0000', 0, 1, 104, '', 2, 18, 61, 1),
(41, 'HILATA ARRIBA', '0.0000', 162, 240, 162, 240, '2007-05-15', '2010-05-25', '0.0000', 0, 1, 108, '', 2, 18, 61, 1),
(42, 'SOREJAPA', '0.0000', 0, 0, 0, 0, '2007-05-15', '0001-01-01', '0.0000', 0, 1, 109, '', 2, 12, 36, 1),
(43, 'ARTASIVI', '0.0000', 0, 0, 0, 0, '2007-10-12', '0001-01-01', '0.0000', 0, 1, 110, '', 2, 18, 65, 1),
(44, 'LITORAL', '0.0000', 0, 0, 0, 0, '2007-10-12', '0001-01-01', '0.0000', 0, 1, 111, '', 2, 18, 65, 1),
(45, 'AVAROA', '0.0000', 0, 0, 0, 0, '2007-10-12', '0001-01-01', '0.0000', 0, 1, 112, '', 2, 18, 65, 1),
(46, 'THULAHUINTO', '0.0000', 0, 0, 0, 0, '0001-01-01', '0001-01-01', '0.0000', 0, 1, 113, '', 2, 18, 65, 1),
(47, 'FLOR DE LLIZA', '0.0000', 0, 0, 0, 0, '0001-01-01', '0001-01-01', '0.0000', 0, 1, 115, '', 2, 18, 65, 1),
(48, 'SANKAJAHUIRA CHICO', '0.0000', 0, 0, 0, 0, '2008-04-23', '0001-01-01', '0.0000', 0, 1, 201, '', 2, 12, 36, 1),
(49, 'HUACAHUACANI', '0.0000', 0, 0, 0, 0, '2007-08-03', '0001-01-01', '0.0000', 0, 1, 202, '', 2, 11, 30, 1),
(50, 'CORPA', '0.0000', 0, 0, 0, 0, '2008-08-14', '0001-01-01', '0.0000', 0, 1, 203, '', 2, 18, 63, 1),
(51, 'CAUSAYA', '0.0000', 0, 0, 0, 0, '2008-08-14', '0001-01-01', '0.0000', 0, 1, 204, '', 2, 18, 63, 1),
(52, 'CHONCHOCORO', '0.0000', 0, 0, 0, 0, '2008-06-30', '0001-01-01', '0.0000', 0, 1, 205, '', 2, 18, 61, 1),
(53, 'CASCACHI - CUYAVI', '0.0000', 0, 0, 0, 0, '2008-02-19', '0001-01-01', '0.0000', 0, 0, 0, '', 2, 12, 36, 1),
(54, 'SUCUTO', '0.0000', 0, 0, 0, 0, '2008-06-23', '0001-01-01', '0.0000', 0, 1, 207, '', 2, 22, 87, 1),
(55, 'SURUSAYA', '0.0000', 0, 0, 0, 0, '2008-08-20', '0001-01-01', '0.0000', 0, 1, 301, '', 2, 18, 61, 1),
(56, 'TACACHIA', '0.0000', 0, 0, 0, 0, '0001-01-01', '0001-01-01', '0.0000', 0, 1, 302, '', 2, 11, 30, 1),
(57, 'CALUYO', '0.0000', 0, 0, 0, 0, '2008-08-14', '0001-01-01', '0.0000', 0, 1, 304, '', 2, 18, 63, 1),
(58, 'MAMANI', '0.0000', 0, 0, 0, 0, '2008-08-15', '0001-01-01', '0.0000', 0, 1, 305, '', 2, 18, 61, 1),
(59, 'PALLINA CHICO', '0.0000', 0, 0, 0, 0, '2008-09-25', '0001-01-01', '0.0000', 0, 1, 308, '', 2, 18, 61, 1),
(60, 'CHOQUENAIRA', '0.0000', 0, 0, 0, 0, '2008-09-24', '0001-01-01', '0.0000', 0, 1, 309, '', 2, 18, 61, 1),
(61, 'PIRCUTA', '0.0000', 0, 0, 0, 0, '2008-08-14', '0001-01-01', '0.0000', 0, 1, 310, '', 2, 18, 63, 1),
(62, 'SAN ANTONIO DE CHUSECANI', '0.0000', 0, 0, 0, 0, '2008-08-14', '0001-01-01', '0.0000', 0, 1, 311, '', 2, 18, 63, 1),
(63, 'JILATITI/SEKOPACUNI', '0.0000', 0, 0, 0, 0, '0001-01-01', '0001-01-01', '0.0000', 0, 1, 312, '', 2, 18, 61, 1),
(64, 'SANTA ROSA DE LIMANI', '0.0000', 0, 0, 0, 0, '2008-12-11', '0001-01-01', '0.0000', 0, 1, 313, '', 2, 18, 61, 1),
(65, 'JUCUMARCA', '0.0000', 0, 0, 0, 0, '2009-02-04', '0001-01-01', '0.0000', 0, 1, 0, '', 2, 18, 61, 1),
(66, 'ACHICOYA', '0.0000', 0, 0, 0, 0, '2009-06-02', '0001-01-01', '0.0000', 0, 1, 401, '', 2, 14, 47, 1),
(67, 'IRPA GRANDE', '0.0000', 0, 0, 0, 0, '2007-10-12', '0001-01-01', '0.0000', 0, 1, 114, '', 2, 18, 65, 1),
(68, 'SANTIAGO PAMPA', '0.0000', 0, 0, 0, 0, '2009-06-02', '0001-01-01', '0.0000', 0, 1, 402, '', 2, 14, 47, 1),
(69, 'SANTIAGO MEJILLONES', '0.0000', 0, 0, 0, 0, '2009-06-02', '0001-01-01', '0.0000', 0, 1, 402, '', 2, 14, 47, 1),
(70, 'MOJSA HUMA', '0.0000', 0, 0, 0, 0, '2009-06-02', '0001-01-01', '0.0000', 0, 1, 403, '', 2, 14, 47, 1),
(71, 'ULLA  ULLA', '0.0000', 0, 0, 0, 0, '2009-06-02', '0001-01-01', '0.0000', 0, 1, 403, '', 2, 14, 47, 1),
(72, 'KAPAHUAYA', '0.0000', 0, 0, 0, 0, '2009-06-02', '0001-01-01', '0.0000', 0, 1, 0, '', 2, 14, 47, 1),
(73, 'COOÑATA', '0.0000', 0, 0, 0, 0, '2009-06-02', '0001-01-01', '0.0000', 0, 1, 405, '', 2, 14, 47, 1),
(74, 'LLOJLLATA', '0.0000', 0, 0, 0, 0, '2009-06-10', '0001-01-01', '0.0000', 0, 1, 406, '', 2, 14, 47, 1),
(75, 'SAN  JOSE', '0.0000', 0, 0, 0, 0, '2009-06-02', '0001-01-01', '0.0000', 0, 1, 407, '', 2, 14, 47, 1),
(76, 'CHUSÑUPA', '0.0000', 0, 0, 0, 0, '2009-06-09', '0001-01-01', '0.0000', 0, 1, 408, '', 2, 18, 61, 1),
(77, 'VILLA SANTIAGO DE CHACOMA', '0.0000', 0, 0, 0, 0, '2009-06-01', '0001-01-01', '0.0000', 0, 1, 409, '', 2, 18, 61, 1),
(78, 'TACAGUA', '0.0000', 0, 0, 0, 0, '2009-06-26', '0001-01-01', '0.0000', 0, 1, 410, '', 2, 18, 61, 1),
(79, 'CHACOMA IRPA GRANDE', '0.0000', 0, 0, 0, 0, '2009-06-27', '0001-01-01', '0.0000', 0, 1, 411, '', 2, 18, 61, 1),
(80, 'HICHURAYA GRANDE', '0.0000', 0, 0, 0, 0, '2009-06-15', '0001-01-01', '0.0000', 0, 1, 412, '', 2, 18, 61, 1),
(81, 'HICHURAYA ALTA', '0.0000', 0, 0, 0, 0, '2009-06-15', '0001-01-01', '0.0000', 0, 1, 412, '', 2, 18, 61, 1),
(82, 'M. CONTORNO PALLCOSO', '0.0000', 0, 0, 0, 0, '2009-04-13', '0001-01-01', '0.0000', 0, 1, 413, '', 2, 18, 61, 1),
(83, 'M. CONTORNO CENTRO', '0.0000', 0, 0, 0, 0, '2009-04-13', '0001-01-01', '0.0000', 0, 1, 413, '', 2, 18, 61, 1),
(84, 'M. CONTORNO ARRIBA', '0.0000', 0, 0, 0, 0, '2009-04-13', '0001-01-01', '0.0000', 0, 1, 413, '', 2, 18, 61, 1),
(85, 'M. CONTORNO LETANIAS', '0.0000', 0, 0, 0, 0, '2009-04-13', '0001-01-01', '0.0000', 0, 1, 413, '', 2, 18, 61, 1),
(86, 'HEQUERI', '0.0000', 0, 0, 0, 0, '2009-04-17', '0001-01-01', '0.0000', 0, 1, 414, '', 2, 18, 61, 1),
(87, 'SEQUICHURO', '0.0000', 0, 0, 0, 0, '2009-05-22', '0001-01-01', '0.0000', 0, 1, 415, '', 2, 18, 61, 1),
(88, 'CHARAHUAYTU', '0.0000', 0, 0, 0, 0, '2008-12-11', '0001-01-01', '0.0000', 0, 1, 416, '', 2, 18, 61, 1),
(89, 'COLINA BLANCA', '0.0000', 0, 0, 0, 0, '2009-07-10', '0001-01-01', '0.0000', 0, 1, 417, '', 2, 18, 61, 1),
(90, 'LACAYANI', '0.0000', 0, 0, 0, 0, '0001-01-01', '0001-01-01', '0.0000', 0, 1, 420, '', 2, 11, 30, 1),
(91, 'ANCARA', '0.0000', 0, 0, 0, 0, '2009-06-17', '0001-01-01', '0.0000', 0, 1, 0, '', 2, 18, 61, 1),
(92, 'CHOCOROSI', '0.0000', 0, 0, 0, 0, '2009-05-21', '0001-01-01', '0.0000', 0, 1, 422, '', 2, 23, 91, 1),
(93, 'CAPIRI', '0.0000', 0, 0, 0, 0, '2009-09-04', '0001-01-01', '0.0000', 0, 1, 501, '', 2, 18, 63, 1),
(94, 'HUACUYO', '0.0000', 0, 0, 0, 0, '2009-09-04', '0001-01-01', '0.0000', 0, 1, 503, '', 2, 18, 63, 1),
(95, 'CENTRO HUACULLANI', '0.0000', 0, 0, 0, 0, '2009-09-04', '0001-01-01', '0.0000', 0, 1, 504, '', 2, 18, 63, 1),
(96, 'HUARICHICO', '0.0000', 0, 0, 0, 0, '2009-09-04', '0001-01-01', '0.0000', 0, 1, 505, '', 2, 18, 63, 1),
(97, 'YANARICO', '0.0000', 0, 0, 0, 0, '2009-08-20', '0001-01-01', '0.0000', 0, 1, 508, '', 2, 18, 63, 1),
(98, 'COPALACAYA', '0.0000', 0, 0, 0, 0, '2009-08-04', '0001-01-01', '0.0000', 0, 0, 510, '', 2, 18, 61, 1),
(99, 'IRPUMA IRPA GRANDE', '0.0000', 0, 0, 0, 0, '2009-09-10', '0001-01-01', '0.0000', 0, 0, 512, '', 2, 18, 61, 1),
(100, 'VILLA SANTA CHACOMA', '0.0000', 0, 0, 0, 0, '2009-12-04', '0001-01-01', '0.0000', 0, 1, 513, '', 2, 18, 61, 1),
(101, 'QHUNQHU LIQUILIQUI', '0.0000', 0, 0, 0, 0, '2007-12-14', '0001-01-01', '0.0000', 0, 1, 0, '', 2, 18, 66, 1),
(102, 'SULLCATITI UMARUCHA ARRIBA', '0.0000', 0, 0, 0, 0, '2009-09-08', '0001-01-01', '0.0000', 0, 1, 509, '', 2, 18, 66, 1),
(103, 'SEQUE JAHUIRA', '0.0000', 0, 0, 0, 0, '2009-10-22', '0001-01-01', '0.0000', 0, 1, 419, '', 2, 18, 61, 1),
(104, 'TONCOPUJIO', '0.0000', 0, 0, 0, 0, '2010-04-06', '0001-01-01', '0.0000', 0, 1, 0, '', 2, 18, 61, 1),
(105, 'jucumarca', '0.0000', 0, 0, 0, 0, '2009-02-04', '0001-01-01', '0.0000', 0, 0, 314, '', 2, 11, 30, 1),
(106, 'cascachi - cuyavi', '0.0000', 0, 0, 0, 0, '2008-02-18', '0001-01-01', '0.0000', 0, 1, 206, '', 2, 12, 36, 1),
(107, 'chukiñuma', '0.0000', 0, 0, 0, 0, '0001-01-01', '0001-01-01', '0.0000', 0, 1, 601, '', 2, 18, 61, 1),
(108, 'paruña', '0.0000', 0, 0, 0, 0, '0001-01-01', '0001-01-01', '0.0000', 0, 1, 602, '', 2, 11, 30, 1),
(109, 'una', '0.0000', 0, 0, 0, 0, '0001-01-01', '0001-01-01', '0.0000', 0, 1, 603, '', 2, 11, 30, 1),
(110, 'karsi', '0.0000', 0, 0, 0, 0, '0001-01-01', '0001-01-01', '0.0000', 0, 1, 604, '', 2, 11, 30, 1),
(111, 'CONDOR AMAYA', '0.0000', 0, 0, 0, 0, '2010-04-13', '0001-01-01', '0.0000', 0, 1, 0, '', 2, 29, 107, 1),
(112, 'AUQUI AMAYA', '0.0000', 0, 0, 0, 0, '2010-04-13', '0001-01-01', '0.0000', 0, 1, 0, '', 2, 29, 107, 1),
(113, 'JANKO AMAYA', '0.0000', 0, 0, 0, 0, '2010-04-14', '0001-01-01', '0.0000', 0, 1, 0, '', 2, 29, 107, 1),
(114, 'HUARIPUJO', '0.0000', 0, 0, 0, 0, '2010-04-14', '0001-01-01', '0.0000', 0, 1, 0, '', 2, 29, 107, 1),
(115, 'ATACONI', '0.0000', 0, 0, 0, 0, '2010-04-15', '0001-01-01', '0.0000', 0, 1, 0, '', 2, 29, 107, 1),
(116, 'ACHARAYA', '0.0000', 0, 0, 0, 0, '2010-04-15', '0001-01-01', '0.0000', 0, 1, 0, '', 2, 29, 107, 1),
(117, 'CALASAYA', '0.0000', 0, 0, 0, 0, '2010-04-16', '0001-01-01', '0.0000', 0, 1, 0, '', 2, 29, 107, 1),
(118, 'CALASAYA', '0.0000', 0, 0, 0, 0, '2010-04-16', '0001-01-01', '0.0000', 0, 0, 0, '', 2, 29, 107, 1),
(119, 'AÑUFANI', '0.0000', 0, 0, 0, 0, '2010-04-16', '0001-01-01', '0.0000', 0, 1, 0, '', 2, 29, 107, 1),
(120, 'ORIGINARIA CHOJÑA PHUJO', '0.0000', 0, 0, 0, 0, '2010-04-20', '0001-01-01', '0.0000', 0, 1, 0, '', 2, 18, 61, 1),
(121, 'BERENGUELA', '0.0000', 0, 0, 0, 0, '2010-04-26', '0001-01-01', '0.0000', 0, 1, 0, '', 2, 29, 107, 1),
(122, 'VILLA EXALTACION', '0.0000', 0, 0, 0, 0, '2010-04-26', '0001-01-01', '0.0000', 0, 1, 0, '', 2, 29, 107, 1),
(123, 'AYLLU ILAVI', '0.0000', 0, 0, 0, 0, '2010-04-27', '0001-01-01', '0.0000', 0, 1, 0, '', 2, 29, 107, 1),
(124, 'Pillapi', '0.0000', 0, 0, 0, 0, '2010-05-14', '0001-01-01', '0.0000', 0, 1, 0, '', 2, 18, 63, 1),
(125, 'AYLLU ORIGINARIO HUMAMARCA', '0.0000', 0, 0, 0, 0, '2010-05-14', '0001-01-01', '0.0000', 0, 1, 0, '', 2, 18, 63, 1),
(126, 'COPUSQUIA', '0.0000', 0, 0, 0, 0, '2010-05-25', '0001-01-01', '0.0000', 0, 1, 0, '', 2, 14, 47, 1),
(127, 'municipio de carabuco', '0.0000', 0, 0, 0, 0, '2010-06-04', '0001-01-01', '0.0000', 0, 1, 0, '', 2, 14, 47, 1),
(128, 'municipio de apolo', '0.0000', 0, 0, 0, 0, '2010-06-10', '0001-01-01', '0.0000', 0, 1, 0, '', 2, 17, 59, 1),
(129, 'parcialidad arriba arax suxta', '0.0000', 0, 0, 0, 0, '2010-06-08', '0001-01-01', '0.0000', 0, 1, 6, '', 2, 18, 66, 1),
(130, 'PALLINA LAJA', '0.0000', 0, 0, 0, 0, '2010-07-01', '0001-01-01', '0.0000', 0, 1, 0, '', 2, 22, 85, 1),
(131, 'distrito pozos', '0.0000', 0, 0, 0, 0, '2010-07-02', '0001-01-01', '0.0000', 0, 1, 0, '', 1, 8, 22, 1),
(132, 'AZAFRANAL', '0.0000', 0, 0, 0, 0, '2010-07-15', '0001-01-01', '0.0000', 0, 1, 1, '', 2, 18, 64, 1),
(133, 'TOTORANI', '0.0000', 0, 0, 0, 0, '2010-07-22', '0001-01-01', '0.0000', 0, 1, 6, '', 2, 11, 31, 1),
(134, 'MARKA HILATA', '0.0000', 0, 0, 0, 0, '2010-07-27', '0001-01-01', '0.0000', 0, 1, 2, '', 2, 14, 47, 1),
(135, 'CH0JASIVI', '0.0000', 0, 0, 0, 0, '2010-07-23', '0001-01-01', '0.0000', 0, 1, 6, '', 2, 22, 84, 1),
(136, 'CHAGUAYA', '0.0000', 0, 0, 0, 0, '2010-08-30', '0001-01-01', '0.0000', 0, 1, 2, '', 2, 14, 47, 1),
(137, 'SAYHUAPAMPA', '0.0000', 0, 0, 0, 0, '0001-01-01', '0001-01-01', '0.0000', 0, 1, 2, '', 2, 14, 47, 1),
(138, 'MARKA HILATA', '0.0000', 0, 0, 0, 0, '2010-07-27', '0001-01-01', '0.0000', 0, 1, 2, '', 2, 14, 47, 1),
(139, 'Titicani Tucari', '0.0000', 0, 0, 0, 0, '2010-08-04', '0001-01-01', '0.0000', 0, 1, 6, '', 2, 18, 66, 1),
(140, 'Mollipongo', '0.0000', 0, 0, 0, 0, '2010-08-04', '0001-01-01', '0.0000', 0, 1, 6, '', 2, 14, 47, 1),
(141, 'HILATA SANTA TRINIDAD', '0.0000', 0, 0, 0, 0, '2008-08-05', '0001-01-01', '0.0000', 0, 1, 2, '', 2, 18, 61, 1),
(142, 'OLLAJSANTIA', '0.0000', 0, 0, 0, 0, '2010-08-10', '0001-01-01', '0.0000', 0, 1, 2, '', 2, 14, 47, 1),
(143, 'CACACHI', '0.0000', 0, 0, 0, 0, '2010-08-10', '0001-01-01', '0.0000', 0, 1, 2, '', 2, 14, 47, 1),
(144, 'nuevo mundo', '0.0000', 0, 0, 0, 0, '2010-08-10', '0001-01-01', '0.0000', 0, 1, 1, '', 1, 8, 22, 1),
(145, 'MENDOZA', '0.0000', 0, 0, 0, 0, '2010-08-09', '0001-01-01', '0.0000', 0, 1, 6, '', 1, 8, 22, 1),
(146, 'KEWIÑAS', '0.0000', 0, 0, 0, 0, '2010-08-09', '0001-01-01', '0.0000', 0, 1, 6, '', 1, 8, 22, 1),
(147, 'KEWIÑAS', '0.0000', 0, 0, 0, 0, '2010-08-10', '0001-01-01', '0.0000', 0, 1, 7, '', 1, 8, 22, 1),
(148, 'MENDOZA', '0.0000', 0, 0, 0, 0, '2010-08-10', '0001-01-01', '0.0000', 0, 1, 7, '', 1, 8, 22, 1),
(149, 'BLANCA FLOR', '0.0000', 0, 0, 0, 0, '2010-08-12', '0001-01-01', '0.0000', 0, 1, 7, '', 1, 8, 22, 1),
(150, 'CAÑADILLAS', '0.0000', 0, 0, 0, 0, '2010-08-14', '0001-01-01', '0.0000', 0, 1, 7, '', 1, 8, 22, 1),
(151, 'warisata', '0.0000', 0, 0, 0, 0, '2010-08-12', '0001-01-01', '0.0000', 0, 1, 7, '', 2, 12, 34, 1),
(152, 'Municipio de Puna', '0.0000', 0, 0, 0, 0, '2010-08-25', '0001-01-01', '0.0000', 0, 1, 7, '', 5, 73, 217, 1),
(153, 'TITIKANI TAKAKA', '0.0000', 0, 0, 0, 0, '2010-08-28', '0001-01-01', '0.0000', 0, 1, 7, '', 2, 18, 66, 1),
(154, 'QUILIMA', '0.0000', 0, 0, 0, 0, '2010-08-29', '0001-01-01', '0.0000', 0, 1, 1, '', 2, 14, 47, 19),
(155, 'CENTRAL ACISIV', '0.0000', 0, 0, 0, 0, '2010-01-04', '0001-01-01', '0.0000', 0, 1, 7, '', 7, 87, 246, 19),
(156, '16 de agosto', '0.0000', 0, 0, 0, 0, '2010-08-02', '0001-01-01', '0.0000', 0, 1, 6, '', 7, 87, 246, 19),
(157, 'Nueva Jerusalen', '0.0000', 0, 0, 0, 0, '2010-07-22', '0001-01-01', '0.0000', 0, 1, 6, '', 7, 87, 246, 19),
(158, 'San Rafaelito de Sutuniquiña', '0.0000', 0, 0, 0, 0, '2010-07-22', '0001-01-01', '0.0000', 0, 1, 6, '', 7, 87, 246, 19),
(159, 'CENTRAL PROVINCIAL BELIZARIO BOETO', '0.0000', 0, 0, 0, 0, '2010-06-19', '0001-01-01', '0.0000', 0, 1, 6, '', 1, 8, 22, 21),
(160, 'CALACHACA', '0.0000', 0, 0, 0, 0, '2010-08-31', '0001-01-01', '0.0000', 0, 1, 6, '', 2, 22, 84, 1),
(161, 'YARICOA BAJO', '0.0000', 0, 0, 0, 0, '2010-09-02', '0001-01-01', '0.0000', 0, 1, 2, '', 2, 14, 47, 1),
(162, 'YARICOA ALTO', '0.0000', 0, 0, 0, 0, '2010-09-02', '0001-01-01', '0.0000', 0, 1, 2, '', 2, 14, 47, 1),
(163, 'JANCO MARCA', '0.0000', 0, 0, 0, 0, '2010-09-01', '0001-01-01', '0.0000', 0, 1, 2, '', 2, 18, 62, 1),
(164, 'GUAPOMOCITO', '0.0000', 0, 0, 0, 0, '2010-08-01', '0001-01-01', '0.0000', 0, 1, 1, '', 7, 87, 246, 1),
(165, 'SASCUYA', '0.0000', 0, 0, 0, 0, '2010-08-01', '0001-01-01', '0.0000', 0, 1, 1, '', 2, 21, 80, 1),
(166, 'HOSPITAL', '0.0000', 0, 0, 0, 0, '2010-09-08', '0001-01-01', '0.0000', 0, 1, 2, '', 2, 22, 84, 1),
(167, 'Quirabaya', '0.0000', 0, 0, 0, 0, '2010-09-22', '0001-01-01', '0.0000', 0, 1, 7, '', 2, 14, 47, 1),
(168, 'Paasani', '0.0000', 0, 0, 0, 0, '2010-09-24', '0001-01-01', '0.0000', 0, 1, 7, '', 2, 14, 47, 1),
(169, 'JOKOPAMPA', '0.0000', 0, 0, 0, 0, '2010-09-29', '0001-01-01', '0.0000', 0, 1, 2, '', 2, 14, 47, 1),
(170, 'CASA DE RETIRO PADRE DAMIAN', '0.0000', 0, 0, 0, 0, '2010-09-20', '0001-01-01', '0.0000', 0, 1, 0, '', 2, 11, 29, 1),
(171, 'TAJARA GRANDE', '0.0000', 0, 0, 0, 0, '2010-10-15', '0001-01-01', '0.0000', 0, 1, 2, '', 2, 12, 34, 1),
(172, 'MUNICIPIO DE COPACABANA', '0.0000', 0, 0, 0, 0, '0001-01-01', '0001-01-01', '0.0000', 0, 1, 0, '', 2, 27, 101, 1),
(173, 'TEOPONTE', '0.0000', 0, 0, 0, 0, '2010-10-11', '0001-01-01', '0.0000', 0, 1, 0, '', 2, 16, 58, 1),
(174, 'QUEASCAPA', '0.0000', 0, 0, 0, 0, '0001-01-01', '0001-01-01', '0.0000', 0, 1, 2, '', 2, 14, 47, 1),
(175, 'HILATA SAN JORGE', '0.0000', 0, 0, 0, 0, '2007-05-01', '0001-01-01', '0.0000', 0, 1, 1, '', 2, 18, 61, 1),
(176, 'SAN VICENTE DE COLLAGUA', '0.0000', 0, 0, 0, 0, '2007-05-01', '0001-01-01', '0.0000', 0, 1, 1, '', 2, 18, 61, 1),
(177, 'SISASANI', '0.0000', 0, 0, 0, 0, '2010-11-12', '0001-01-01', '0.0000', 0, 1, 1, '', 2, 14, 47, 1),
(178, 'CAVINCHILLA', '0.0000', 0, 0, 0, 0, '2010-11-12', '0001-01-01', '0.0000', 0, 1, 2, '', 2, 14, 47, 1),
(179, 'SANTIAGO DE OKOLA', '0.0000', 0, 0, 0, 0, '0001-01-01', '0001-01-01', '0.0000', 0, 1, 0, '', 2, 14, 47, 1),
(180, 'QUIRIHUATE', '0.0000', 0, 0, 0, 0, '0001-01-01', '0001-01-01', '0.0000', 0, 1, 0, '', 2, 14, 47, 1),
(181, 'OMACUYO', '0.0000', 0, 0, 0, 0, '0001-01-01', '0001-01-01', '0.0000', 0, 1, 0, '', 2, 14, 47, 1),
(182, 'SURANI', '0.0000', 0, 0, 0, 0, '0001-01-01', '0001-01-01', '0.0000', 0, 1, 0, '', 2, 14, 47, 1),
(183, 'SAN JOSE DE CHIPO', '0.0000', 0, 0, 0, 0, '0001-01-01', '0001-01-01', '0.0000', 0, 1, 0, '', 2, 14, 47, 1),
(184, 'Yaricoa Bajo', '0.0000', 0, 0, 0, 0, '2010-11-01', '0001-01-01', '0.0000', 0, 1, 0, '', 2, 14, 47, 1),
(185, 'Yaricoa Alto', '0.0000', 0, 0, 0, 0, '2010-11-01', '0001-01-01', '0.0000', 0, 1, 0, '', 2, 14, 47, 1),
(186, 'CHAMA BAJA', '0.0000', 0, 0, 0, 0, '2010-12-03', '0001-01-01', '0.0000', 0, 1, 0, '', 2, 18, 66, 1),
(187, 'COOPERATIVA AGROPECUARIA 17 DE DICIEMBRE HUACULLANI', '0.0000', 0, 0, 0, 0, '2010-10-22', '0001-01-01', '0.0000', 0, 1, 0, '', 2, 18, 63, 1),
(188, 'CEBIAE', '0.0000', 0, 0, 0, 0, '0001-01-01', '0001-01-01', '0.0000', 0, 1, 0, '', 2, 11, 29, 1),
(189, 'MUNICIPIO DE TARACO', '0.0000', 0, 0, 0, 0, '2010-12-15', '0001-01-01', '0.0000', 0, 1, 2, '', 2, 18, 67, 1),
(190, 'SAN CRISTOBAL', '0.0000', 0, 0, 0, 0, '2010-12-15', '0001-01-01', '0.0000', 0, 1, 5, '', 2, 24, 95, 1),
(191, 'ÑACHOCA', '0.0000', 0, 0, 0, 0, '2011-01-20', '0001-01-01', '0.0000', 0, 1, 3, '', 2, 18, 67, 1),
(192, 'SAN PEDRO DE TANA', '0.0000', 0, 0, 0, 0, '2011-02-15', '0001-01-01', '0.0000', 0, 1, 3, '', 2, 18, 66, 1),
(193, 'CHIPO CHICO', '0.0000', 0, 0, 0, 0, '2010-06-25', '0001-01-01', '0.0000', 0, 1, 2010001, '', 2, 14, 47, 1),
(194, 'SAN PABLO', '0.0000', 0, 0, 0, 0, '2010-06-25', '0001-01-01', '0.0000', 0, 1, 2010001, '', 2, 14, 47, 1),
(195, 'SAN BLAS ALTO', '0.0000', 0, 0, 0, 0, '2011-01-11', '0001-01-01', '0.0000', 0, 1, 1, '', 1, 4, 12, 1),
(196, 'PAMPAS DEL CARMEN', '0.0000', 0, 0, 0, 0, '2011-01-10', '0001-01-01', '0.0000', 0, 1, 2011001, 'comunidad nueva', 1, 4, 12, 1),
(197, 'RODEO', '0.0000', 0, 0, 0, 0, '0001-01-01', '0001-01-01', '0.0000', 0, 1, 2011001, 'COMUNIDAD NUEVA\r\n', 1, 4, 12, 1),
(198, 'MATELA BAJA', '0.0000', 0, 0, 0, 0, '2011-01-10', '0001-01-01', '0.0000', 0, 1, 2011001, 'Comunidad nueva\r\n', 1, 4, 12, 1),
(199, 'MILANES', '0.0000', 0, 0, 0, 0, '2011-01-10', '0001-01-01', '0.0000', 0, 1, 2011001, 'Comunidad nueva\r\n', 1, 4, 12, 1),
(200, 'MILANES ALTO', '0.0000', 0, 0, 0, 0, '2011-01-10', '0001-01-01', '0.0000', 0, 1, 2010001, 'Comunidad nueva\r\n', 1, 4, 12, 1),
(201, 'SAUCE MOLINO', '0.0000', 0, 0, 0, 0, '2011-01-10', '0001-01-01', '0.0000', 0, 1, 2010001, 'Comunidad nueva\r\n', 1, 4, 12, 1),
(202, 'SAN JOSÉ DE MATELILLA', '0.0000', 0, 0, 0, 0, '2011-01-10', '0001-01-01', '0.0000', 0, 1, 2011001, 'Comunidad nueva\r\n', 1, 4, 12, 1),
(203, 'SAN ANTONIO', '0.0000', 0, 0, 0, 0, '2011-01-10', '0001-01-01', '0.0000', 0, 1, 2011001, 'Comunidad nueva\r\n', 1, 4, 12, 1),
(204, 'TAMBILLOS', '0.0000', 0, 0, 0, 0, '2011-01-10', '0001-01-01', '0.0000', 0, 1, 2010001, 'Comunidad nueva\r\n', 1, 4, 12, 1),
(205, 'PAMPAS PUNTA', '0.0000', 0, 0, 0, 0, '2011-01-10', '0001-01-01', '0.0000', 0, 1, 2011001, 'Comunidad nueva\r\n', 1, 4, 12, 1),
(206, 'ACHATALAS', '0.0000', 0, 0, 0, 0, '2011-01-10', '0001-01-01', '0.0000', 0, 1, 2010001, 'Comunidad nueva\r\n', 1, 4, 12, 1),
(207, 'VILLA CANDELARIA', '0.0000', 0, 0, 0, 0, '2011-01-10', '0001-01-01', '0.0000', 0, 0, 2010001, 'Comunidad nueva\r\n', 1, 4, 12, 1),
(208, 'SIPICANÍ', '0.0000', 0, 0, 0, 0, '2011-01-10', '0001-01-01', '0.0000', 0, 1, 2010001, 'Comunidad nueva\r\n', 1, 4, 12, 1),
(209, 'PASLAPAYA BAJA', '0.0000', 0, 0, 0, 0, '2011-01-10', '0001-01-01', '0.0000', 0, 1, 2010001, 'Comunidad nueva\r\n', 1, 4, 12, 1),
(210, 'SAN JUAN DE ORCAS', '0.0000', 0, 0, 0, 0, '2011-01-10', '0001-01-01', '0.0000', 0, 1, 2011001, 'Comunidad nueva\r\n', 1, 4, 12, 1),
(211, 'CUEVAS', '0.0000', 0, 0, 0, 0, '0001-01-01', '0001-01-01', '0.0000', 0, 1, 2010001, 'COMUNIDAD NUEVA\r\n', 1, 4, 12, 1),
(212, 'ALISOS', '0.0000', 0, 0, 0, 0, '2011-01-10', '0001-01-01', '0.0000', 0, 1, 2010001, 'Comunidad nueva\r\n', 1, 4, 12, 1),
(213, 'CHAVARRIA', '0.0000', 0, 0, 0, 0, '2011-01-10', '0001-01-01', '0.0000', 0, 1, 2010001, 'Comunidad nueva\r\n', 1, 4, 12, 1),
(214, 'MAMA HUASI', '0.0000', 0, 0, 0, 0, '2011-01-10', '0001-01-01', '0.0000', 0, 1, 2010001, 'Comunidad nueva\r\n', 1, 4, 12, 1),
(215, 'SAN ISIDRO', '0.0000', 0, 0, 0, 0, '2011-01-10', '0001-01-01', '0.0000', 0, 1, 2010001, 'Comunidad nueva\r\n', 1, 4, 12, 1),
(216, 'AMANCAYA', '0.0000', 0, 0, 0, 0, '2011-01-10', '0001-01-01', '0.0000', 0, 1, 2010001, 'Comunidad nueva\r\n', 1, 4, 12, 1),
(217, 'JARCA MAYU', '0.0000', 0, 0, 0, 0, '2011-01-10', '0001-01-01', '0.0000', 0, 1, 2010001, 'Comunidad nueva\r\n', 1, 4, 12, 1),
(218, 'SILVA', '0.0000', 0, 0, 0, 0, '2011-01-10', '0001-01-01', '0.0000', 0, 1, 2010001, 'Comunidad nueva\r\n', 1, 4, 12, 1),
(219, 'VILLA CANDELARIA', '0.0000', 0, 0, 0, 0, '0001-01-01', '0001-01-01', '0.0000', 0, 1, 2010001, 'COMUNIDAD NUEVA\r\n', 1, 4, 12, 1),
(220, 'SUBCENTRAL ZONA CENTRO', '0.0000', 0, 0, 0, 0, '2011-02-28', '0001-01-01', '0.0000', 0, 1, 2011001, 'SUBCENTRAL QUE COMPRENDE A SEIS COMUNIDADES ', 2, 18, 63, 1),
(221, 'VILAQUE COPATA', '0.0000', 0, 0, 0, 0, '2011-03-24', '0001-01-01', '0.0000', 0, 1, 12011, 'COMUNIDAD NUEVA', 2, 23, 91, 1),
(222, 'SUBCENTRAL HORNUNI', '0.0000', 0, 0, 0, 0, '2011-03-28', '0001-01-01', '0.0000', 0, 1, 12011, '', 2, 19, 70, 1),
(223, 'COACOLLO', '0.0000', 0, 0, 0, 0, '2011-03-31', '0001-01-01', '0.0000', 0, 1, 2011001, '', 2, 18, 67, 1),
(224, 'CUTURHUAYA', '0.0000', 0, 0, 0, 0, '2011-03-30', '0001-01-01', '0.0000', 0, 1, 2011001, '', 2, 14, 47, 1),
(225, 'NORTE CHAGUAYA', '0.0000', 0, 0, 0, 0, '2011-04-01', '0001-01-01', '0.0000', 0, 1, 2011001, '', 2, 14, 47, 1),
(226, 'CIUDAD LA PAZ', '0.0000', 0, 0, 0, 0, '2011-01-04', '0001-01-01', '0.0000', 0, 1, 2011001, 'SE USA PARA HACER IN FORMES DE ACTIVIDADES QUE SE REALIZAN EN LA CIUDAD DE LA PAZ O EL ALTO', 2, 11, 29, 1),
(227, 'ACHUMA SANTA ANA', '0.0000', 0, 0, 0, 0, '2011-04-07', '0001-01-01', '0.0000', 0, 1, 2011001, '', 2, 18, 66, 1),
(228, 'HUANCATAPI', '0.0000', 0, 0, 0, 0, '2011-03-01', '0001-01-01', '0.0000', 0, 1, 2011001, '', 2, 14, 47, 1),
(229, 'ZAPANA', '0.0000', 0, 0, 0, 0, '2011-04-25', '0001-01-01', '0.0000', 0, 1, 12011, '', 2, 18, 67, 1),
(230, 'CALLA BAJA', '0.0000', 0, 0, 0, 0, '2011-05-02', '0001-01-01', '0.0000', 0, 1, 12011, '', 2, 18, 66, 1),
(231, 'HUMA MARKA', '0.0000', 0, 0, 0, 0, '2011-04-01', '0001-01-01', '0.0000', 0, 1, 12011, '', 2, 18, 63, 1),
(232, 'AYLLU COLLANA', '0.0000', 0, 0, 0, 0, '2008-05-01', '0001-01-01', '0.0000', 0, 1, 12009, '', 2, 18, 65, 1),
(233, 'GUARAYA', '0.0000', 0, 0, 0, 0, '2011-05-25', '0001-01-01', '0.0000', 0, 1, 12011, '', 2, 18, 63, 1),
(234, 'PROVINCIA AROMA', '0.0000', 0, 0, 0, 0, '2011-05-20', '0001-01-01', '0.0000', 0, 1, 1, '', 2, 23, 92, 1),
(235, 'SEMTA - ACHOCALLA', '0.0000', 0, 0, 0, 0, '2011-05-23', '0001-01-01', '0.0000', 0, 1, 12011, '', 2, 11, 32, 1),
(236, 'YANAMANI', '0.0000', 0, 0, 0, 0, '2011-05-02', '0001-01-01', '0.0000', 0, 1, 12011, '', 2, 18, 63, 1),
(237, 'ACHUTA GRANDE', '0.0000', 0, 0, 0, 0, '2011-05-02', '0001-01-01', '0.0000', 0, 1, 201101, '', 2, 18, 63, 1),
(238, 'HUILACUNCA', '0.0000', 0, 0, 0, 0, '2011-05-18', '0001-01-01', '0.0000', 0, 1, 201101, '', 2, 14, 47, 1),
(239, 'PUEBLO DE CARABUCO', '0.0000', 0, 0, 0, 0, '2011-06-01', '0001-01-01', '0.0000', 0, 1, 12011, '', 2, 14, 47, 1),
(240, 'CHIARAQUE', '0.0000', 0, 0, 0, 0, '2011-06-18', '0001-01-01', '0.0000', 0, 1, 201101, '', 2, 23, 92, 1),
(241, 'RAMADA QUEMADA', '3650.0100', 0, 0, 0, 0, '0001-01-01', '0001-01-01', '0.0000', 0, 1, 7, 'COMUNIDAD NO TITULADA', 7, 87, 247, 18),
(242, 'ASUNCIóN DE QUIQUIBEY', '0.0000', 0, 0, 0, 0, '2011-06-14', '0001-01-01', '0.0000', 0, 1, 12011, 'El viaje hasta la comunidad de Asunción de Quiquibey es a trvés del río.', 8, 102, 302, 18),
(243, 'MUNICIPIO DE SICASICA', '0.0000', 0, 0, 0, 0, '2011-06-29', '0001-01-01', '0.0000', 0, 1, 22011, '', 2, 23, 88, 1),
(244, 'MUNICIPIO DE UMALA', '0.0000', 0, 0, 0, 0, '2011-07-07', '0001-01-01', '0.0000', 0, 1, 22011, '', 2, 23, 89, 1),
(245, 'CAYIMBAYA', '0.0000', 0, 0, 0, 0, '2011-07-22', '0001-01-01', '0.0000', 0, 1, 22011, 'COMUNIDAD NUEVA SOLO CON INFORMACION', 2, 11, 30, 1),
(246, 'SAN RAFAEL CAPITAL', '0.0000', 0, 0, 0, 0, '0001-01-01', '0001-01-01', '0.0000', 0, 1, 2, 'LAS ACTIVIDADES GENERALMENTE SE REALIZAN EN EL CABILDO INDíGENA, UBICADO EN LA ZONA URBANA DEL MUNICIPIO DE SAN RAFAEL', 7, 87, 248, 18),
(247, 'SAN MIGUEL ARCANGEL', '0.0000', 0, 0, 0, 0, '0001-01-01', '0001-01-01', '0.0000', 0, 1, 1, 'SE DESARROLLA TRABAJOS DE TRANSFORMACIóN DE CONFLICTOS Y GESTIóN TERRITORIAL INDíGENA', 7, 87, 247, 18),
(248, 'LACOYO SAN FRANCISCO', '0.0000', 0, 0, 0, 0, '2011-07-18', '0001-01-01', '0.0000', 0, 1, 22011, 'COMUNKDAD NUEVA', 2, 18, 62, 1),
(249, 'MUNICIPIO DE PATACAMAYA', '0.0000', 0, 0, 0, 0, '2011-07-28', '0001-01-01', '0.0000', 0, 1, 22011, '', 2, 23, 92, 1),
(250, 'MUNICIPIO JESUS DE MACHAQA', '0.0000', 0, 0, 0, 0, '2011-07-23', '0001-01-01', '0.0000', 0, 1, 22011, '', 2, 18, 66, 1),
(251, 'MUSCA', '0.0000', 0, 0, 0, 0, '0001-01-01', '0001-01-01', '0.0000', 0, 1, 20072011, '', 1, 4, 14, 22),
(252, 'CARACHIMAYO', '0.0000', 0, 0, 0, 0, '0001-01-01', '0001-01-01', '0.0000', 0, 1, 17072011, '', 1, 4, 14, 22),
(253, 'LA REVUELTA', '0.0000', 0, 0, 0, 0, '0001-01-01', '0001-01-01', '0.0000', 0, 1, 14072011, '', 1, 4, 14, 22),
(254, 'RODEITO', '0.0000', 0, 0, 0, 0, '0001-01-01', '0001-01-01', '0.0000', 0, 1, 7072011, '', 1, 4, 14, 22),
(255, 'SUBCENTRALIA JUANA AZURDUY DE PADILLA', '0.0000', 0, 0, 0, 0, '2011-01-03', '0001-01-01', '0.0000', 0, 1, 12011, '', 1, 4, 14, 22),
(256, 'ALTO DORADO', '0.0000', 0, 0, 0, 0, '0001-01-01', '0001-01-01', '0.0000', 0, 1, 11072011, '', 1, 4, 14, 31),
(257, 'CORRALITO CUARRIó', '2440.6900', 0, 0, 0, 0, '2011-08-01', '0001-01-01', '0.0000', 0, 1, 7, 'Comunidad titulada', 7, 87, 247, 18),
(258, 'POTRERO SAN PABLO', '3590.8800', 0, 0, 0, 0, '2011-08-01', '0001-01-01', '0.0000', 0, 1, 7, 'Comunidad no titulada.', 7, 87, 247, 18),
(259, 'SANTA TERESITA DE LOS SUJALES', '2560.8300', 0, 0, 0, 0, '2011-08-01', '0001-01-01', '0.0000', 0, 1, 7, 'Comunidad no titulada', 7, 87, 247, 18),
(260, 'SAN MANUEL', '1083.5900', 0, 0, 0, 0, '0001-01-01', '0001-01-01', '0.0000', 0, 1, 7, 'COMUNIDAD NO TITULADA.', 7, 87, 247, 18),
(261, 'COLQUENCHA', '100.0000', 0, 0, 0, 0, '2011-08-03', '0001-01-01', '0.0000', 0, 1, 6, '', 2, 23, 93, 1),
(262, 'ANDAMARCA', '0.0000', 0, 0, 0, 0, '2011-08-05', '0001-01-01', '0.0000', 0, 1, 2, '', 2, 18, 62, 1),
(263, 'AYLLU TITICANA CHALLAYA SAN PEDRO DE TANA', '0.0000', 0, 0, 0, 0, '2011-08-15', '0001-01-01', '0.0000', 0, 1, 22011, 'Este Ayllu esta compuesta por cuatro comunidades: Villa del Mar con 23 familias, Centro A con 17 familias, Inka Wara con 20n familias y Loma Huascar con 24 familias haciendo un total de todo el Aylly de 84 familias.', 2, 18, 66, 23),
(264, 'MUNICIPIO AYO AYO', '0.0000', 0, 0, 0, 0, '2011-08-18', '0001-01-01', '0.0000', 0, 1, 22011, '', 2, 23, 90, 1),
(265, 'SOPACHUY', '12000.0000', 0, 0, 0, 0, '2011-02-01', '0001-01-01', '0.0000', 0, 1, 250811, '', 1, 4, 12, 31),
(266, 'SAN FERMíN', '5034.2958', 0, 0, 0, 0, '2011-08-12', '0001-01-01', '0.0000', 0, 1, 7, 'Comunidad titulada TCMNAL000297', 7, 87, 247, 18),
(267, 'SANTO DOMINGO', '0.0000', 0, 0, 0, 0, '2011-08-22', '0001-01-01', '0.0000', 0, 1, 22011, '', 2, 18, 66, 1),
(268, 'JANQU JAQI ABAJO', '0.0000', 0, 0, 0, 0, '2011-09-02', '0001-01-01', '0.0000', 0, 1, 22011, 'COMUNIDAD NUEVA PARA GTC', 2, 18, 66, 1),
(269, 'CALLA ARRIBA', '0.0000', 0, 0, 0, 0, '2011-09-28', '0001-01-01', '0.0000', 0, 1, 22011, '', 2, 18, 66, 1),
(270, 'EL PALMAR', '1300.0000', 0, 0, 0, 0, '2011-09-12', '0001-01-01', '0.0000', 0, 1, 14092011, '', 1, 4, 14, 31),
(271, 'ANCOHAQUI TANA', '0.0000', 0, 0, 0, 0, '2011-11-15', '0001-01-01', '0.0000', 0, 1, 22011, '', 2, 18, 66, 1),
(272, 'ASAMBLEA DEPARTAMENTAL', '0.0000', 0, 0, 0, 0, '2011-11-28', '0001-01-01', '0.0000', 0, 1, 22011, '', 2, 11, 29, 1),
(273, 'FEDERACION DEPARTAMENTAL DE CAMPESINOS "TUPAC KATARI"', '0.0000', 0, 0, 0, 0, '2011-11-25', '0001-01-01', '0.0000', 0, 1, 22011, '', 2, 11, 29, 1),
(274, 'FEDERACION DEPARTAMENTAL DE MUJERES CAMPESINAS "BARTOLINA SISA"', '0.0000', 0, 0, 0, 0, '2011-11-25', '0001-01-01', '0.0000', 0, 1, 22011, '', 2, 11, 29, 1),
(275, 'MUNICIPIO DE CHARAZANI', '0.0000', 0, 0, 0, 0, '2011-08-01', '0001-01-01', '0.0000', 0, 1, 22011, 'MUNICIPIO HACIA LA AUTONIMIA INDIGENA', 2, 26, 99, 1),
(276, 'TILACOCA', '0.0000', 0, 0, 0, 0, '0001-01-01', '0001-01-01', '0.0000', 0, 1, 22011, '', 2, 14, 47, 1),
(277, 'CSUTCB', '0.0000', 0, 0, 0, 0, '2011-06-01', '0001-01-01', '0.0000', 0, 1, 22011, 'ES UNA ORGANIZACION SINDICAL', 2, 11, 29, 1),
(278, 'MUNICIPIO DE JESUS DE MACHACA', '0.0000', 0, 0, 0, 0, '2011-08-01', '0001-01-01', '0.0000', 0, 1, 12012, 'MUNICIPIO CON AUTONIMIAS', 2, 18, 66, 1),
(279, 'MUNICIPIO DE TOTORA', '0.0000', 0, 0, 0, 0, '2011-08-01', '0001-01-01', '0.0000', 0, 1, 12012, 'MUNICIPIO A LA AUTONIMIA', 4, 59, 184, 1),
(280, 'MUNICIPIO DE PAMPA AULLAGAS', '0.0000', 0, 0, 0, 0, '2011-08-01', '0001-01-01', '0.0000', 0, 1, 12012, 'MUNICIPIOP A LA AUTONOMIA', 4, 54, 176, 1),
(281, 'MUNICIPIO DE CHIPAYA', '0.0000', 0, 0, 0, 0, '2011-08-01', '0001-01-01', '0.0000', 0, 1, 12012, 'MUNICIPIO HACIA LA AUTONOMIA', 4, 55, 177, 1),
(282, 'DEPARTAMENTO DE LA PAZ', '0.0000', 0, 0, 0, 0, '0001-01-01', '0001-01-01', '0.0000', 0, 1, 12012, 'RELACIONAMIENTO INTER-INSTUCIONAL', 2, 11, 29, 1),
(283, 'DEPARTAMENTO DE CHUQUISACA', '0.0000', 0, 0, 0, 0, '2011-08-01', '0001-01-01', '0.0000', 0, 1, 12012, 'RELACIONAMIENTO INTER-INSTITUCIONAL', 1, 1, 1, 1),
(284, 'JILATITI SANTO DOMINGO DE MACHACA', '0.0000', 0, 0, 0, 0, '2011-09-01', '0001-01-01', '0.0000', 0, 1, 12012, 'COMUNIDAD NUEVA', 2, 18, 66, 1),
(285, 'TOMINA', '0.0000', 0, 0, 0, 0, '2011-12-17', '0001-01-01', '0.0000', 0, 1, 17122011, '', 1, 4, 11, 31),
(286, 'PUERTO DE GUAQUI', '0.0000', 0, 0, 0, 0, '2012-01-16', '0001-01-01', '0.0000', 0, 1, 12012, 'AIOC', 2, 18, 62, 1),
(287, 'KARKA PUNCO', '0.0000', 0, 0, 0, 0, '2012-03-09', '0001-01-01', '0.0000', 0, 1, 12012, '', 2, 14, 47, 1),
(288, 'MUNICIPIO CHAYANTA', '0.0000', 0, 0, 0, 0, '2012-01-02', '0001-01-01', '0.0000', 0, 1, 12012, 'MUNICIPIO A LA AUTONIMIA INDIGENA O. C.', 5, 64, 195, 1),
(289, 'SUBCENTRAL PHOREJONI', '0.0000', 0, 0, 0, 0, '0001-01-01', '0001-01-01', '0.0000', 0, 1, 12012, 'COMUNIDADES NUEVAS', 2, 12, 34, 1),
(290, 'SAN BLAS', '10000.0000', 0, 0, 0, 0, '0001-01-01', '0001-01-01', '0.0000', 0, 0, 1002212, '', 1, 4, 14, 31),
(291, 'SAUCE MAYU', '12000.0000', 0, 0, 0, 0, '2012-02-10', '0001-01-01', '0.0000', 0, 1, 10022012, '', 1, 4, 14, 31),
(292, 'NOGALES', '12001.0000', 0, 0, 0, 0, '2012-02-10', '0001-01-01', '0.0000', 0, 1, 10022012, '', 1, 4, 14, 31),
(293, 'LAGUNILLAS', '13000.0000', 0, 0, 0, 0, '2012-02-10', '0001-01-01', '0.0000', 0, 1, 10022012, '', 1, 4, 14, 31),
(294, 'CAñA HUAYCO', '14000.0000', 0, 0, 0, 0, '2012-02-10', '0001-01-01', '0.0000', 0, 1, 10022012, '', 1, 4, 14, 31),
(295, 'CHEJJE', '0.0000', 0, 0, 0, 0, '2012-03-17', '0001-01-01', '0.0000', 0, 1, 12012, 'COMUNIDAD NUEVA', 2, 16, 51, 1),
(296, 'MUNICIPIO DE DESAGUADERO', '0.0000', 0, 0, 0, 0, '2012-03-16', '0001-01-01', '0.0000', 0, 1, 12012, '', 2, 18, 64, 1),
(297, 'SAN BLAS1', '9500.0000', 0, 0, 0, 0, '2012-02-10', '0001-01-01', '0.0000', 0, 1, 10022012, 'Modificado', 1, 4, 14, 31),
(298, 'MUNICIPIO DE SANTIAGO DE HUATA', '0.0000', 0, 0, 0, 0, '2012-03-30', '0001-01-01', '0.0000', 0, 1, 12012, '', 2, 12, 34, 1),
(299, 'SAN JUAN DE HUANCOLLO', '0.0000', 0, 0, 0, 0, '2012-04-14', '0001-01-01', '0.0000', 0, 1, 12012, 'COMUNIDAD NUEVA', 2, 18, 64, 1),
(300, 'CHUNCARCOTA', '0.0000', 0, 0, 0, 0, '2012-05-19', '0001-01-01', '0.0000', 0, 1, 12012, 'COMUNIDAD NUEVA', 2, 18, 65, 1),
(301, 'SUBCENTRAL CHIVO (ARASAYA)', '0.0000', 0, 0, 0, 0, '2012-05-25', '0001-01-01', '0.0000', 0, 1, 12012, 'COMPUESTA POR LAS COMUNIDADES CHIVO, JISKA JIWAWI, JAHUIRA PAMPA, CHAMBI TARACO Y JIWAWI GRANDE', 2, 18, 67, 34),
(302, 'SANTIAGO DE COLLANA', '0.0000', 0, 0, 0, 0, '2012-06-13', '0001-01-01', '0.0000', 0, 1, 12012, 'COMUNIDAD NUEVA', 2, 11, 31, 1),
(303, 'MUNICIPIO DE ACHOCALLA', '0.0000', 0, 0, 0, 0, '2012-06-19', '0001-01-01', '0.0000', 0, 1, 12012, 'COMUNIDADES NUEVAS', 2, 11, 32, 1),
(304, 'MUNICIPIO DE ANCORAIMES', '0.0000', 0, 0, 0, 0, '2012-06-22', '0001-01-01', '0.0000', 0, 1, 12012, 'COMUNIDADES NUEVAS', 2, 12, 35, 1),
(305, 'JILATITI QUISA COLLANA', '0.0000', 0, 0, 0, 0, '2012-07-03', '0001-01-01', '0.0000', 0, 1, 22012, '', 2, 18, 66, 1),
(306, 'FUNDACION TIERRA', '0.0000', 0, 0, 0, 0, '2012-06-04', '0001-01-01', '0.0000', 0, 1, 22012, 'TRABAJOS DE CAPCITACION INTERNA', 2, 11, 29, 1),
(307, 'URICACHI GRANDE', '0.0000', 0, 0, 0, 0, '2012-07-31', '0001-01-01', '0.0000', 0, 1, 22012, '', 2, 12, 34, 1),
(308, 'TICUNIRI', '0.0000', 0, 0, 0, 0, '2012-08-07', '0001-01-01', '0.0000', 0, 1, 22012, '', 2, 21, 81, 1),
(309, 'PUEBLO DE CHARAñA', '289460.4551', 0, 0, 0, 0, '2012-08-08', '0001-01-01', '0.0000', 0, 1, 8082012, '', 2, 13, 41, 34),
(310, 'ZAMORA', '0.0000', 0, 0, 0, 0, '2012-08-07', '0001-01-01', '0.0000', 0, 1, 22012, 'COMUNIDAD NUEVA', 2, 12, 35, 1),
(311, 'CHAMBI TARACO', '10000.0000', 0, 0, 0, 0, '2012-05-25', '0001-01-01', '0.0000', 0, 1, 15082012, '', 2, 18, 67, 34),
(312, 'CHIVO', '10000.0000', 0, 0, 0, 0, '2012-08-14', '0001-01-01', '0.0000', 0, 1, 140812, '', 2, 18, 67, 34),
(313, 'PHARALAYA ALTA - SANTIAGO DE HUATA', '10000.0000', 0, 0, 0, 0, '2012-08-16', '0001-01-01', '0.0000', 0, 1, 16082012, '', 2, 12, 34, 34),
(314, 'ACHUMA ARRIBA', '0.0000', 0, 0, 0, 0, '2012-08-10', '0001-01-01', '0.0000', 0, 1, 22012, '', 2, 18, 66, 1),
(315, 'CANTON COHONI', '0.0000', 0, 0, 0, 0, '2012-08-29', '0001-01-01', '0.0000', 0, 1, 22012, 'COMUNIDADES NUEVAS', 2, 11, 30, 1),
(316, 'AJNOCOLLO', '10000.0000', 0, 0, 0, 0, '2012-09-07', '0001-01-01', '0.0000', 0, 1, 1, '', 2, 13, 38, 34),
(317, 'PUJSANI', '10000.0000', 0, 0, 0, 0, '2012-09-07', '0001-01-01', '0.0000', 0, 1, 1, '', 2, 13, 38, 34),
(318, 'JIWAWI CHICO', '10000.0000', 0, 0, 0, 0, '2012-09-11', '0001-01-01', '0.0000', 0, 1, 1, '', 2, 18, 67, 34),
(319, 'POCOPOCO', '0.0000', 0, 0, 0, 0, '2012-09-19', '0001-01-01', '0.0000', 0, 1, 22012, '', 2, 12, 34, 1),
(320, 'CHUQUIÑAPI', '1000.0000', 0, 0, 0, 0, '2012-09-14', '0001-01-01', '0.0000', 0, 1, 1, '', 2, 12, 34, 34),
(321, 'TAJOCACHI', '20000.0000', 0, 0, 0, 0, '2012-09-27', '0001-01-01', '0.0000', 0, 1, 1, '', 2, 12, 34, 34),
(322, 'PHOREJONI', '2000.0000', 0, 0, 0, 0, '2012-09-05', '0001-01-01', '0.0000', 0, 1, 1, '', 2, 12, 34, 34),
(323, 'WICHI WICHI', '20000.0000', 0, 0, 0, 0, '2012-09-28', '0001-01-01', '0.0000', 0, 1, 1, '', 2, 12, 34, 34),
(324, 'SAN IGNACIO CAPITAL', '0.0000', 0, 0, 0, 0, '2011-09-01', '0001-01-01', '0.0000', 0, 1, 1, 'Centro Urbano del Municipio de San Miguel de Velasco', 7, 87, 246, 18),
(325, 'MONTECARLO', '0.0000', 0, 0, 0, 0, '2011-09-01', '0001-01-01', '0.0000', 0, 1, 2, '', 7, 87, 246, 18),
(326, 'SAN MIGUELITO', '0.0000', 0, 0, 0, 0, '2011-09-01', '0001-01-01', '0.0000', 0, 1, 2, '', 7, 87, 246, 18),
(327, 'SAN JOAQUIN DE LA PAZ', '0.0000', 0, 0, 0, 0, '2011-09-01', '0001-01-01', '0.0000', 0, 1, 2, '', 7, 87, 246, 18),
(328, 'SAN PEDRO DE ALTA VISTA', '0.0000', 0, 0, 0, 0, '2011-09-01', '0001-01-01', '0.0000', 0, 1, 2, '', 7, 87, 246, 18),
(329, 'SANTA ROSITA DE LA MINA', '0.0000', 0, 0, 0, 0, '2011-09-01', '0001-01-01', '0.0000', 0, 1, 2, '', 7, 87, 246, 18),
(330, 'SAN LUISITO', '0.0000', 0, 0, 0, 0, '2011-09-01', '0001-01-01', '0.0000', 0, 1, 2, '', 7, 87, 246, 18),
(331, 'MEDIO MONTE', '0.0000', 0, 0, 0, 0, '2011-09-01', '0001-01-01', '0.0000', 0, 1, 2, '', 7, 87, 246, 18),
(332, 'CAMPAMENTO', '0.0000', 0, 0, 0, 0, '2011-09-01', '0001-01-01', '0.0000', 0, 1, 2, '', 7, 87, 246, 18),
(333, 'COLORADO', '0.0000', 0, 0, 0, 0, '2011-09-01', '0001-01-01', '0.0000', 0, 1, 2, '', 7, 87, 246, 18),
(334, 'PROVIDENCIA', '0.0000', 0, 0, 0, 0, '2011-09-01', '0001-01-01', '0.0000', 0, 1, 2, '', 7, 87, 246, 18),
(335, 'SAN PEDRITO', '0.0000', 0, 0, 0, 0, '2011-09-01', '0001-01-01', '0.0000', 0, 1, 2, '', 7, 87, 247, 18),
(336, 'GUARCAYA', '0.0000', 0, 0, 0, 0, '2012-10-03', '0001-01-01', '0.0000', 0, 1, 22012, '', 2, 12, 34, 37),
(337, 'PUCURO', '2000.0000', 0, 0, 0, 0, '2012-10-04', '0001-01-01', '0.0000', 0, 1, 1, '', 2, 12, 34, 34),
(338, 'TOKE PUCURO', '2000.0000', 0, 0, 0, 0, '2012-10-11', '0001-01-01', '0.0000', 0, 1, 1, '', 2, 12, 34, 34),
(339, 'SANTA ANA', '0.0000', 0, 0, 0, 0, '2012-06-01', '0001-01-01', '0.0000', 0, 1, 2, '', 7, 87, 246, 18),
(340, 'SANTA ROSA DE LA ROCA', '0.0000', 0, 0, 0, 0, '2012-06-01', '0001-01-01', '0.0000', 0, 1, 2, '', 7, 87, 246, 18),
(341, 'LA ESTRELLA', '0.0000', 0, 0, 0, 0, '2012-06-01', '0001-01-01', '0.0000', 0, 1, 2, '', 7, 87, 246, 18),
(342, 'SAN MARTíN', '0.0000', 0, 0, 0, 0, '2012-06-01', '0001-01-01', '0.0000', 0, 1, 2, '', 7, 87, 246, 18),
(343, 'SAN SIMóN', '0.0000', 0, 0, 0, 0, '2012-06-01', '0001-01-01', '0.0000', 0, 1, 2, '', 7, 87, 246, 18),
(344, 'SAN VICENTE', '0.0000', 0, 0, 0, 0, '2012-06-01', '0001-01-01', '0.0000', 0, 1, 2, '', 7, 87, 246, 18),
(345, 'SANTA CRUZ CAPITAL', '0.0000', 0, 0, 0, 0, '2012-01-02', '0001-01-01', '0.0000', 0, 1, 1, '', 7, 85, 239, 18),
(346, 'EL TUNá', '0.0000', 0, 0, 0, 0, '2012-01-02', '0001-01-01', '0.0000', 0, 1, 1, '', 7, 87, 248, 18),
(347, 'VILLA FáTIMA', '0.0000', 0, 0, 0, 0, '2012-01-02', '0001-01-01', '0.0000', 0, 1, 1, '', 7, 87, 248, 18),
(348, 'CHIGANI BAJO', '0.0000', 0, 0, 0, 0, '2012-10-05', '0001-01-01', '0.0000', 0, 1, 22012, '', 2, 12, 34, 37),
(349, 'MOHO MOHO', '2000.0000', 0, 0, 0, 0, '2012-10-09', '0001-01-01', '0.0000', 0, 1, 1, '', 2, 12, 34, 34),
(350, 'YANARI', '0.0000', 0, 0, 0, 0, '2012-10-18', '0001-01-01', '0.0000', 0, 1, 22012, 'COMUNIDAD NUEVA', 2, 18, 64, 1),
(351, 'OKORANI', '0.0000', 0, 0, 0, 0, '2012-10-18', '0001-01-01', '0.0000', 0, 1, 22012, 'COMUNIDAD NUEVA', 2, 18, 64, 1),
(352, 'IQUICACHI ', '0.0000', 0, 0, 0, 0, '2012-10-19', '0001-01-01', '0.0000', 0, 1, 21012, '', 2, 12, 34, 37),
(353, 'COÑANI', '0.0000', 0, 0, 0, 0, '2012-10-19', '0001-01-01', '0.0000', 0, 1, 22012, 'COMUNIDAD NUEVA', 2, 12, 34, 1),
(354, 'VILLA MOLINO', '0.0000', 0, 0, 0, 0, '2012-10-24', '0001-01-01', '0.0000', 0, 1, 22012, '', 2, 14, 47, 37),
(355, 'LACA PUCARA ', '0.0000', 0, 0, 0, 0, '2012-10-24', '0001-01-01', '0.0000', 0, 1, 22012, '', 2, 13, 37, 37),
(356, 'URICACHI CHICO', '0.0000', 0, 0, 0, 0, '2012-09-25', '0001-01-01', '0.0000', 0, 1, 22012, '', 2, 12, 34, 37),
(357, 'MUNICIPIO DE MALLA', '2000.0000', 0, 0, 0, 0, '2012-10-16', '0001-01-01', '0.0000', 0, 1, 1, '', 2, 19, 71, 34),
(358, 'CHANCOROMA', '2000.0000', 0, 0, 0, 0, '2012-11-06', '0001-01-01', '0.0000', 0, 1, 1, '', 2, 12, 34, 34),
(359, 'AYPA PARUYO', '2000.0000', 0, 0, 0, 0, '2012-11-14', '0001-01-01', '0.0000', 0, 1, 1, '', 2, 13, 38, 34),
(360, 'KASSA SANTA ROSA', '2000.0000', 0, 0, 0, 0, '2012-12-12', '0001-01-01', '0.0000', 0, 1, 1, '', 2, 18, 62, 34),
(361, 'TOKE AJLLATA - SANTIAGO DE HUATA', '0.0000', 0, 0, 0, 0, '2012-12-20', '0001-01-01', '0.0000', 0, 1, 22012, '', 2, 12, 34, 1),
(362, 'AYPA YAURUTA', '0.0000', 0, 0, 0, 0, '0001-01-01', '0001-01-01', '0.0000', 0, 1, 22012, '', 2, 13, 38, 37),
(363, 'WILA COLLO', '0.0000', 0, 0, 0, 0, '2012-12-12', '0001-01-01', '0.0000', 0, 1, 22012, '', 2, 18, 62, 37),
(364, 'SOMBRAPATA', '0.0000', 0, 0, 0, 0, '2012-12-01', '0001-01-01', '0.0000', 0, 1, 22012, '', 2, 18, 65, 37),
(365, 'TOKE AJLLATA', '0.0000', 0, 0, 0, 0, '2012-12-20', '0001-01-01', '0.0000', 0, 1, 22012, '', 2, 12, 34, 37),
(366, 'KALLA BAJA LLALLAGUA', '2000.0000', 0, 0, 0, 0, '2012-12-18', '0001-01-01', '0.0000', 0, 1, 1, '', 2, 13, 38, 34),
(367, 'SANTA BáRBARA', '776.6470', 0, 0, 0, 0, '2012-08-01', '0001-01-01', '0.0000', 0, 1, 1, 'Comunidad titulada', 7, 87, 247, 18),
(368, 'SANTA RITA DE LOS QUEMAU', '1115.0000', 0, 0, 0, 0, '2012-08-01', '0001-01-01', '0.0000', 0, 1, 1, 'Comunidad titulada', 7, 87, 247, 18),
(369, 'SAN JAVIER DE CUCHISITO', '3725.4841', 0, 0, 0, 0, '2012-08-01', '0001-01-01', '0.0000', 0, 1, 2, 'Comunidad fuera de los límites del municpio y en proceso de demanda de tierra comunal', 7, 87, 247, 18),
(370, 'LAS BARRERAS', '1920.0000', 0, 0, 0, 0, '2012-08-01', '0001-01-01', '0.0000', 0, 1, 2, 'Comunidad titulada', 7, 87, 247, 18),
(371, 'SAN SILVESTRE', '1643.9650', 0, 0, 0, 0, '2012-08-01', '0001-01-01', '0.0000', 0, 1, 2, 'Comunidad titulada', 7, 87, 247, 18),
(372, 'CHULLUNKHAYANI', '0.0000', 0, 0, 0, 0, '2012-11-12', '0001-01-01', '0.0000', 0, 0, 22012, '', 2, 13, 38, 37),
(373, 'MUNICIPIO SAN PEDRO DE TIQUINA', '0.0000', 0, 0, 0, 0, '2013-02-26', '0001-01-01', '0.0000', 0, 1, 12013, '', 2, 27, 102, 1),
(374, 'MUNICIPIO DE BATALLAS', '0.0000', 0, 0, 0, 0, '2013-02-18', '0001-01-01', '0.0000', 0, 1, 12013, '', 2, 22, 86, 1),
(375, 'AYPA CHULLUNKHAYANI', '500.0000', 0, 0, 0, 0, '2012-11-14', '0001-01-01', '0.0000', 0, 1, 1, '', 2, 13, 38, 34),
(376, 'AYPA JACOKATA', '0.0000', 0, 0, 0, 0, '2013-03-13', '0001-01-01', '0.0000', 0, 1, 12013, '', 2, 13, 38, 1),
(377, 'KEALLUMA', '0.0000', 0, 0, 0, 0, '2013-03-12', '0001-01-01', '0.0000', 0, 1, 12013, '0', 2, 18, 64, 37),
(378, 'SIMACO', '0.0000', 0, 0, 0, 0, '2013-03-09', '0001-01-01', '0.0000', 0, 1, 12013, '', 2, 18, 61, 1),
(379, 'AYLLU JIRAPI TONISCOTA', '0.0000', 0, 0, 0, 0, '0001-01-01', '0001-01-01', '0.0000', 0, 1, 12013, '', 2, 13, 38, 1),
(380, 'LAURA JAYUMA', '1000.0000', 0, 0, 0, 0, '2013-04-05', '0001-01-01', '0.0000', 0, 1, 1, '', 2, 13, 38, 34),
(381, 'KJARI ALTA', '1000.0000', 0, 0, 0, 0, '2013-04-05', '0001-01-01', '0.0000', 0, 1, 1, '', 2, 13, 38, 34),
(382, 'EJRA', '0.0000', 0, 0, 0, 0, '2013-04-05', '0001-01-01', '0.0000', 0, 1, 12013, '', 2, 13, 38, 1),
(383, 'CHALLA BELEN', '0.0000', 0, 0, 0, 0, '2013-03-19', '0001-01-01', '0.0000', 0, 1, 12013, '', 2, 13, 37, 1),
(384, 'KALLA CENTRO', '0.0000', 0, 0, 0, 0, '2013-04-11', '0001-01-01', '0.0000', 0, 1, 12013, '', 2, 13, 38, 1),
(385, 'AYLLU ORIGINARIO WANKO', '0.0000', 0, 0, 0, 0, '0001-01-01', '0001-01-01', '0.0000', 0, 1, 12013, '', 2, 13, 38, 1),
(386, 'AYLLU JANCOHAQUI ABAJO', '0.0000', 0, 0, 0, 0, '2013-04-23', '0001-01-01', '0.0000', 0, 1, 12013, '', 2, 18, 66, 1),
(387, 'KJARI BAJA', '1000.0000', 0, 0, 0, 0, '2013-04-05', '0001-01-01', '0.0000', 0, 1, 1, '', 2, 13, 38, 34),
(388, 'KASSA ACHUTA', '0.0000', 0, 0, 0, 0, '2013-05-08', '0001-01-01', '0.0000', 0, 1, 12013, '', 2, 18, 63, 1),
(389, 'CHAMBI CHICO', '0.0000', 0, 0, 0, 0, '2013-05-08', '0001-01-01', '0.0000', 0, 1, 12013, '', 2, 18, 63, 1),
(390, 'HUARACA', '12345.0000', 0, 0, 0, 0, '2013-04-05', '0001-01-01', '0.0000', 0, 1, 12345, '', 2, 13, 38, 1),
(391, 'COLQUE BAJA', '12345.0000', 0, 0, 0, 0, '2013-04-05', '0001-01-01', '0.0000', 0, 1, 12345, '', 2, 13, 38, 1),
(392, 'TITIJONI', '0.0000', 0, 0, 0, 0, '2013-05-02', '0001-01-01', '0.0000', 0, 1, 12013, '', 2, 18, 64, 21),
(393, 'MUNICIPIO DE CAQUIAVIRI', '0.0000', 0, 0, 0, 0, '2013-04-11', '0001-01-01', '0.0000', 0, 1, 12013, '', 2, 13, 38, 1),
(394, 'ACHUMA UYUTA', '1000.0000', 0, 0, 0, 0, '2013-05-03', '0001-01-01', '0.0000', 0, 1, 1, '', 2, 18, 66, 34),
(395, 'ORURO', '1.0000', 0, 0, 0, 0, '2013-04-15', '0001-01-01', '0.0000', 0, 1, 12013, '', 4, 47, 155, 37),
(396, 'TOTORA', '1.0000', 0, 0, 0, 0, '2013-04-01', '0001-01-01', '0.0000', 0, 1, 12013, '', 4, 59, 184, 37),
(397, 'HUANCOLLO', '0.0000', 0, 0, 0, 0, '2013-05-18', '0001-01-01', '0.0000', 0, 1, 12013, '', 2, 18, 63, 1),
(398, 'CASA CAMPESTRE', '1.0000', 0, 0, 0, 0, '2013-02-04', '0001-01-01', '0.0000', 0, 1, 12013, '', 3, 39, 130, 37),
(399, 'ZAPANA JAYUMA', '0.0000', 0, 0, 0, 0, '2013-05-09', '0001-01-01', '0.0000', 0, 1, 12013, '', 2, 18, 64, 1),
(400, 'ACERO MARCA', '0.0000', 0, 0, 0, 0, '2013-05-16', '0001-01-01', '0.0000', 0, 1, 12013, '', 2, 13, 38, 1),
(401, 'PAMPAS ABAJO', '6500.0000', 0, 0, 0, 0, '2013-04-01', '0001-01-01', '0.0000', 0, 1, 1, '', 1, 4, 11, 31),
(402, 'PAMPAS ARRIBA', '7200.0000', 0, 0, 0, 0, '2013-04-01', '0001-01-01', '0.0000', 0, 1, 1, '', 1, 4, 11, 31),
(403, 'QUIRUSILLAS', '5300.0000', 0, 0, 0, 0, '2013-04-01', '0001-01-01', '0.0000', 0, 1, 1, '', 1, 4, 11, 31),
(404, 'VILLA FLORES', '6250.0000', 0, 0, 0, 0, '2013-04-01', '0001-01-01', '0.0000', 0, 1, 1, '', 1, 4, 11, 31),
(405, 'THURU CANCHA', '5350.0000', 0, 0, 0, 0, '2013-04-01', '0001-01-01', '0.0000', 0, 1, 1, '', 1, 4, 11, 31),
(406, 'KOLLANA TACAGUA', '1000.0000', 0, 0, 0, 0, '0001-01-01', '0001-01-01', '0.0000', 0, 0, 1, '', 2, 13, 38, 34),
(407, 'TARABUQUILLO', '6500.0000', 0, 0, 0, 0, '2013-04-01', '0001-01-01', '0.0000', 0, 1, 1, '', 1, 4, 11, 31),
(408, 'REVITO', '0.0000', 0, 0, 0, 0, '2013-06-03', '0001-01-01', '0.0000', 0, 1, 12013, '', 4, 59, 184, 1),
(409, 'CALLIRPA', '0.0000', 0, 0, 0, 0, '2013-06-12', '0001-01-01', '0.0000', 0, 1, 12013, '', 2, 13, 38, 1),
(410, 'CALAZAYA', '1000.0000', 0, 0, 0, 0, '2013-06-14', '0001-01-01', '0.0000', 0, 1, 1, '', 4, 59, 184, 34),
(411, 'CRUCERO', '0.0000', 0, 0, 0, 0, '2013-04-01', '0001-01-01', '0.0000', 0, 1, 22013, '', 4, 59, 184, 1),
(412, 'SUCRE', '2000.0000', 0, 0, 0, 0, '2013-06-10', '0001-01-01', '0.0000', 0, 1, 1, '', 1, 1, 1, 34),
(413, 'MUNICIPIO DE ACHACACHI', '2000.0000', 0, 0, 0, 0, '2013-01-01', '0001-01-01', '0.0000', 0, 1, 1, '', 2, 12, 34, 34),
(414, 'MURMUNTANI', '1000.0000', 0, 0, 0, 0, '0001-01-01', '0001-01-01', '0.0000', 0, 1, 1, '', 4, 59, 184, 34),
(415, 'AYLLU ORIGINARIO KOLLANA TACAGUA', '0.0000', 0, 0, 0, 0, '2013-06-10', '0001-01-01', '0.0000', 0, 1, 22013, '', 2, 13, 38, 1),
(416, 'KACAHUAJE', '1000.0000', 0, 0, 0, 0, '2013-07-02', '0001-01-01', '0.0000', 0, 1, 1, '', 2, 12, 34, 34),
(417, 'WATARI KALAQUE', '0.0000', 0, 0, 0, 0, '2013-07-18', '0001-01-01', '0.0000', 0, 1, 22013, '', 2, 12, 34, 1),
(418, 'MISIONERAS CRUZADAS', '0.0000', 0, 0, 0, 0, '2013-03-01', '0001-01-01', '0.0000', 0, 1, 12013, '0', 2, 11, 29, 37),
(419, 'AYLLU YARU-ROSAPATA', '0.0000', 0, 0, 0, 0, '2013-07-22', '0001-01-01', '0.0000', 0, 1, 22013, '', 2, 18, 65, 1),
(420, 'LAURA LLOKO LLOKO', '0.0000', 0, 0, 0, 0, '2013-07-24', '0001-01-01', '0.0000', 0, 1, 22013, '', 2, 13, 38, 1),
(421, 'AYLLU ORIGINARIO ACHACA', '0.0000', 0, 0, 0, 0, '2013-08-14', '0001-01-01', '0.0000', 0, 1, 22013, 'COMUNIDAD TITULADA', 2, 18, 63, 1),
(422, 'CONCHACOLLO', '2000.0000', 0, 0, 0, 0, '2013-08-14', '0001-01-01', '0.0000', 0, 1, 1, '', 2, 18, 65, 34);
INSERT INTO comunidad (com_id, com_nom, com_sup, com_nroaproxfam, com_nroaproxpar, com_nrofam, com_nropar, com_fechaini, com_fechapar, com_smes, com_ppmes, com_est, com_sem, com_obs, dep_id, pro_id, mun_id, us_id) VALUES
(423, 'VILLA CIRCAYA', '2000.0000', 0, 0, 0, 0, '2013-08-14', '0001-01-01', '0.0000', 0, 1, 1, '', 2, 18, 65, 34),
(424, 'CHAMA ARRIBA ', '0.0000', 0, 0, 0, 0, '2013-08-16', '0001-01-01', '0.0000', 0, 1, 22013, '', 2, 18, 66, 1),
(425, 'JILATITI CANAZA', '0.0000', 0, 0, 0, 0, '2013-09-14', '0001-01-01', '0.0000', 0, 1, 22013, '', 2, 18, 66, 1),
(426, 'ISLA TAQUIRI', '1000.0000', 0, 0, 0, 0, '2013-09-18', '0001-01-01', '0.0000', 0, 1, 1, '', 2, 27, 102, 34),
(427, 'KHASA SAN FRANCISCO', '1000.0000', 0, 0, 0, 0, '2013-09-17', '0001-01-01', '0.0000', 0, 1, 1, '', 2, 18, 62, 34),
(428, 'HUAYLLANI', '0.0000', 0, 0, 0, 0, '2013-09-19', '0001-01-01', '0.0000', 0, 1, 22013, '', 2, 27, 102, 1),
(429, 'CONTORNO BAJO (CAQUIAVIRI)', '0.0000', 0, 0, 0, 0, '2013-09-27', '0001-01-01', '0.0000', 0, 1, 22013, '', 2, 13, 38, 1),
(430, 'WISAMAYA', '0.0000', 0, 0, 0, 0, '2013-10-01', '0001-01-01', '0.0000', 0, 1, 22013, '', 2, 13, 38, 1),
(431, 'PAJCHANI MOLINO', '0.0000', 0, 0, 0, 0, '2013-10-01', '0001-01-01', '0.0000', 0, 1, 22013, '', 2, 12, 34, 1),
(432, 'CULTA', '0.0000', 0, 0, 0, 0, '2013-11-17', '0001-01-01', '0.0000', 0, 1, 22013, '', 4, 59, 184, 1),
(433, 'MUNICIPIO SAN ANDRES DE MACHACA', '0.0000', 0, 0, 0, 0, '2013-11-17', '0001-01-01', '0.0000', 0, 1, 22013, '', 2, 18, 65, 1),
(434, 'MUNICIPIO DE COROCORO', '0.0000', 0, 0, 0, 0, '2014-01-13', '0001-01-01', '0.0000', 0, 1, 12014, '', 2, 13, 37, 1),
(435, 'CACOT', '0.0000', 0, 0, 0, 0, '2013-01-01', '0001-01-01', '0.0000', 0, 1, 12014, '', 2, 18, 63, 1),
(436, 'PROVINCIA PACAJES', '5000.0000', 0, 0, 0, 0, '2014-06-05', '0001-01-01', '0.0000', 0, 1, 1, '', 2, 13, 37, 34),
(437, 'CATACORA', '2000.0000', 0, 0, 0, 0, '2014-06-05', '0001-01-01', '0.0000', 0, 1, 1, '', 2, 22, 86, 34),
(438, 'PARIRI', '200.0000', 0, 0, 0, 0, '2014-06-10', '0001-01-01', '0.0000', 0, 1, 1, '', 2, 22, 86, 34),
(439, 'CORQUEAMAYA', '2000.0000', 0, 0, 0, 0, '2014-06-10', '0001-01-01', '0.0000', 0, 1, 1, '', 2, 22, 86, 34),
(440, 'YAURICHAMBI', '2000.0000', 0, 0, 0, 0, '2014-06-12', '0001-01-01', '0.0000', 0, 1, 1, '', 2, 22, 86, 34),
(441, 'CHIRAPACA', '2000.0000', 0, 0, 0, 0, '2014-06-11', '0001-01-01', '0.0000', 0, 1, 1, '', 2, 22, 86, 34),
(442, 'MUNICIPIO DE MECAPACA', '0.0000', 0, 0, 0, 0, '2014-07-03', '0001-01-01', '0.0000', 0, 1, 22014, '', 2, 11, 31, 1),
(443, 'PROVINCIA MURILLO', '0.0000', 0, 0, 0, 0, '2014-06-05', '0001-01-01', '0.0000', 0, 1, 22014, '', 2, 11, 29, 1),
(444, 'AYLLU CALARI', '0.0000', 0, 0, 0, 0, '2014-08-21', '0001-01-01', '0.0000', 0, 1, 22014, '', 2, 13, 37, 1),
(445, 'COBIJA', '2000.0000', 0, 0, 0, 0, '2014-08-22', '0001-01-01', '0.0000', 0, 1, 1, 'Trabajo circunstancial', 9, 108, 314, 34),
(446, 'ISLA SICUYA', '0.0000', 0, 0, 0, 0, '2014-09-15', '0001-01-01', '0.0000', 0, 1, 22014, '', 2, 18, 67, 1),
(447, 'CALA CALA', '0.0000', 0, 0, 0, 0, '2014-09-15', '0001-01-01', '0.0000', 0, 1, 22014, '', 2, 18, 67, 1),
(448, 'PEQUERI', '0.0000', 0, 0, 0, 0, '2014-09-15', '0001-01-01', '0.0000', 0, 1, 22014, '', 2, 18, 67, 1),
(449, 'MUNICIPIO DE PALCA', '0.0000', 0, 0, 0, 0, '2014-09-09', '0001-01-01', '0.0000', 0, 1, 22014, '', 2, 11, 30, 1),
(450, 'AMACHUMA GRANDE', '0.0000', 0, 0, 0, 0, '2014-10-26', '0001-01-01', '0.0000', 0, 1, 22014, '', 2, 11, 30, 1),
(451, 'TACAPAYA', '0.0000', 0, 0, 0, 0, '2014-10-26', '0001-01-01', '0.0000', 0, 1, 22014, '', 2, 11, 30, 1),
(452, 'AYLLU SANTA ROSA (TARACO)', '0.0000', 0, 0, 0, 0, '2014-11-12', '0001-01-01', '0.0000', 0, 1, 2, '', 2, 18, 67, 1),
(453, 'AYLLU JACHA SAYA (TARACO)', '0.0000', 0, 0, 0, 0, '0001-01-01', '0001-01-01', '0.0000', 0, 1, 2, 'URINSAYA', 2, 18, 67, 1),
(454, 'CENTRAL AGRARIA SURIQUIÑA', '0.0000', 0, 0, 0, 0, '2014-11-18', '0001-01-01', '0.0000', 0, 1, 22014, 'tiene tres subcentrales  y nueve comunidades', 2, 22, 86, 1),
(455, 'PUQUISI', '0.0000', 0, 0, 0, 0, '2014-12-11', '0001-01-01', '0.0000', 0, 1, 22014, '', 2, 11, 30, 1),
(456, 'SUBCENTRAL SURIQUIÑA', '0.0000', 0, 0, 0, 0, '2014-12-16', '0001-01-01', '0.0000', 0, 1, 22014, '', 2, 22, 86, 1),
(457, 'SUBCENTRAL JICHURASI', '0.0000', 0, 0, 0, 0, '2014-12-16', '0001-01-01', '0.0000', 0, 1, 22014, '', 2, 22, 86, 1),
(458, 'CULLUCACHI', '0.0000', 0, 0, 0, 0, '2014-12-17', '0001-01-01', '0.0000', 0, 1, 22014, '', 2, 22, 86, 1),
(459, 'ZONA ESTE', '0.0000', 0, 0, 0, 0, '2008-02-04', '0001-01-01', '0.0000', 0, 1, 12013, '', 2, 18, 63, 1),
(460, 'INSTITUCIóN VIO', '0.0000', 0, 0, 0, 0, '2015-02-24', '0001-01-01', '0.0000', 0, 1, 12015, '', 2, 11, 29, 1),
(461, 'INSTITUCIóN FELCCV', '0.0000', 0, 0, 0, 0, '2015-02-24', '0001-01-01', '0.0000', 0, 1, 12015, '', 2, 11, 29, 1),
(462, 'INSTITUCIóN PADEM', '0.0000', 0, 0, 0, 0, '2015-02-24', '0001-01-01', '0.0000', 0, 1, 12015, '', 2, 11, 29, 1),
(463, 'SUBCENTRAL CUTUSUMA', '0.0000', 0, 0, 0, 0, '2015-03-19', '0001-01-01', '0.0000', 0, 1, 12015, '', 2, 22, 86, 1),
(464, 'RETAMANI', '0.0000', 0, 0, 0, 0, '2015-03-20', '0001-01-01', '0.0000', 0, 1, 12015, '', 2, 11, 30, 1),
(465, 'CALASAYA (BATALLAS)', '0.0000', 0, 0, 0, 0, '2015-03-14', '0001-01-01', '0.0000', 0, 1, 12015, '', 2, 22, 86, 1),
(466, 'CENTRAL AGRARIA HUNCUYO', '0.0000', 0, 0, 0, 0, '0001-01-01', '0001-01-01', '0.0000', 0, 0, 12015, '', 2, 22, 86, 1),
(467, 'CUTUSUMA (BATALLAS)', '0.0000', 0, 0, 0, 0, '2015-04-23', '0001-01-01', '0.0000', 0, 1, 12015, '', 2, 22, 86, 1),
(468, 'CHIJIPATA ALTA', '0.0000', 0, 0, 0, 0, '2015-04-23', '0001-01-01', '0.0000', 0, 1, 12015, '', 2, 22, 86, 1),
(469, 'CHIJIPATA BAJA', '0.0000', 0, 0, 0, 0, '2015-04-23', '0001-01-01', '0.0000', 0, 1, 12015, '', 2, 22, 86, 1),
(470, 'CENTRAL AGRARIA HUANCUYO (BATALLAS)', '0.0000', 0, 0, 0, 0, '2015-04-24', '0001-01-01', '0.0000', 0, 1, 12015, '', 2, 22, 86, 1),
(471, 'HUANCUYO', '0.0000', 0, 0, 0, 0, '2015-04-30', '0001-01-01', '0.0000', 0, 1, 12015, '', 2, 22, 86, 1),
(472, 'SOJATA', '0.0000', 0, 0, 0, 0, '2015-04-30', '0001-01-01', '0.0000', 0, 1, 12015, '', 2, 22, 86, 1),
(473, 'CENTRAL AGRARIA KARHUIZA', '0.0000', 0, 0, 0, 0, '2015-04-24', '0001-01-01', '0.0000', 0, 1, 12015, '', 2, 22, 86, 1),
(474, 'CENTRAL AGRARIA UNION CATAVI', '0.0000', 0, 0, 0, 0, '2015-04-23', '0001-01-01', '0.0000', 0, 1, 12015, '', 2, 22, 86, 1),
(475, 'SUBCENTRAL KERANI', '0.0000', 0, 0, 0, 0, '2015-05-05', '0001-01-01', '0.0000', 0, 1, 12014, '', 2, 22, 86, 1),
(476, 'SUBCENTRAL AGRARIA CHACHACOMANI', '0.0000', 0, 0, 0, 0, '2015-05-08', '0001-01-01', '0.0000', 0, 1, 12015, '', 2, 22, 86, 1),
(477, 'PANTINI', '0.0000', 0, 0, 0, 0, '2015-05-12', '0001-01-01', '0.0000', 0, 1, 12015, '', 2, 22, 86, 1),
(478, 'CHOJÑAPATA', '0.0000', 0, 0, 0, 0, '2015-05-25', '0001-01-01', '0.0000', 0, 1, 12015, '', 2, 22, 86, 1),
(479, 'SANKAJAHUIRA', '0.0000', 0, 0, 0, 0, '2015-05-25', '0001-01-01', '0.0000', 0, 1, 12015, '', 2, 22, 86, 1),
(480, 'CORAPATA', '0.0000', 0, 0, 0, 0, '2015-05-26', '0001-01-01', '0.0000', 0, 1, 12015, '', 2, 22, 86, 1),
(481, 'HUNCALLANI', '0.0000', 0, 0, 0, 0, '2015-05-26', '0001-01-01', '0.0000', 0, 1, 12015, '', 2, 22, 86, 1),
(482, 'CRUZANI', '0.0000', 0, 0, 0, 0, '2015-10-01', '0001-01-01', '0.0000', 0, 1, 22015, '', 2, 22, 86, 1),
(483, 'XXX-XX', '0.0000', 0, 0, 0, 0, '2015-12-01', '2015-12-01', '0.0000', 0, 1, 12345, '', 2, 11, 29, 1),
(484, 'PRUEBA 22', '5.0000', 0, 0, 0, 0, '2015-12-01', '2015-12-01', '0.0000', 0, 1, 12345, 'obs', 2, 29, 108, 9),
(485, 'MUNICIPIO DE PUCARANI', '0.0000', 0, 0, 0, 0, '2015-12-01', '2015-12-01', '0.0000', 0, 1, 22015, '', 2, 22, 84, 1),
(486, 'CHOJÑA', '0.0000', 0, 0, 0, 0, '2015-10-01', '2015-10-01', '0.0000', 0, 1, 22015, '', 2, 28, 104, 1),
(487, 'MUNICIPIO DE ESCOMA', '0.0000', 0, 0, 0, 0, '2015-11-01', '2015-11-01', '0.0000', 0, 1, 12015, '', 2, 14, 45, 1),
(488, 'SUBCENTRAL AGRARIA HUANCAPAMPA', '0.0000', 0, 0, 0, 0, '2015-08-28', '2015-08-28', '0.0000', 0, 1, 2122016, '', 2, 11, 29, 1),
(489, 'MUNICIPIO DE PAPELPAMPA', '0.0000', 0, 0, 0, 0, '2016-01-20', '2016-01-20', '0.0000', 0, 1, 12016, '', 2, 28, 105, 1),
(490, 'MUNICIPIO DE SAN PEDRO DE CURAHUARA', '0.0000', 0, 0, 0, 0, '2016-01-25', '2016-01-25', '0.0000', 0, 1, 12016, '', 2, 28, 104, 1),
(491, 'MUNICIPIO DE COROICO', '0.0000', 0, 0, 0, 0, '2016-03-11', '2016-03-11', '0.0000', 0, 1, 22016, '', 2, 24, 95, 1),
(492, 'MUNICIPIO DE CHACARILLA', '0.0000', 0, 0, 0, 0, '2016-03-01', '2016-03-01', '0.0000', 0, 1, 2122016, '', 2, 28, 106, 1),
(493, 'MUNICIPIO DE AUCAPATA', '0.0000', 0, 0, 0, 0, '2016-03-18', '2016-03-18', '0.0000', 0, 1, 22016, '', 2, 15, 50, 1),
(494, 'ULLA ULLA', '0.0000', 0, 0, 0, 0, '2016-03-01', '2016-03-01', '0.0000', 0, 1, 12016, '', 2, 17, 60, 1),
(495, 'CHULLO', '0.0000', 0, 0, 0, 0, '2016-04-10', '2016-04-10', '0.0000', 0, 1, 12016, '', 2, 11, 30, 1),
(496, 'MUNICIPIO DE CHULUMANI', '0.0000', 0, 0, 0, 0, '2016-04-08', '2016-04-08', '0.0000', 0, 1, 12016, '', 2, 21, 79, 1),
(497, 'MUNICIPIO DE HUATAJATA', '0.0000', 0, 0, 0, 0, '2016-05-01', '2016-05-01', '0.0000', 0, 1, 0, '', 2, 12, 36, 1),
(498, 'MUNICIPIO DE SORATA', '0.0000', 0, 0, 0, 0, '2016-05-01', '2016-05-01', '0.0000', 0, 1, 12016, '', 2, 16, 51, 1),
(499, 'RIO  MULATOS', '0.0000', 0, 0, 0, 0, '2016-09-28', '2016-09-28', '0.0000', 0, 1, 22016, '', 5, 74, 219, 1),
(500, 'RIO MULATOS', '0.0000', 0, 0, 0, 0, '2016-09-29', '2016-09-29', '0.0000', 0, 1, 22016, '', 5, 74, 219, 1),
(501, 'MUNICIPIO DE GUAQUI', '0.0000', 0, 0, 0, 0, '2017-03-09', '2017-03-09', '0.0000', 0, 1, 12017, '', 2, 18, 62, 1),
(502, 'MUNICIPIO DE TITO YUPANQUI', '0.0000', 0, 0, 0, 0, '2017-03-11', '2017-03-11', '0.0000', 0, 1, 12017, '', 2, 27, 103, 1),
(503, 'MUNICIPIO DE EL ALTO', '0.0000', 0, 0, 0, 0, '2017-03-01', '2017-03-01', '0.0000', 0, 1, 12017, '', 2, 11, 33, 1),
(504, 'MUNICIPIO DE PUERTO PEREZ', '0.0000', 0, 0, 0, 0, '2017-02-01', '2017-02-01', '0.0000', 0, 1, 12017, '', 2, 22, 87, 1);

-- --------------------------------------------------------

alter table comunidad
 add 
 primary key(com_id);

CREATE TABLE IF NOT EXISTS departamento (
  dep_id numeric NOT NULL,
  dep_cod varchar(1) DEFAULT NULL,
  dep_des varchar(10) DEFAULT NULL,
  dep_abr varchar(4) DEFAULT NULL
);

--
-- Volcado de datos para la tabla departamento
--

INSERT INTO departamento (dep_id, dep_cod, dep_des, dep_abr) VALUES
(1, '1', 'Chuquisaca', 'CH'),
(2, '2', 'La Paz', 'LP'),
(3, '3', 'Cochabamba', 'CBBA'),
(4, '4', 'Oruro', 'OR'),
(5, '5', 'Potosi', 'PT'),
(6, '6', 'Tarija', 'TJ'),
(7, '7', 'Santa Cruz', 'SC'),
(8, '8', 'Beni', 'BEN'),
(9, '9', 'Pando', 'PDO');



CREATE TABLE IF NOT EXISTS division (
  div_cod double precision NOT NULL,
  div_dep varchar(50) DEFAULT NULL,
  div_prov varchar(150) DEFAULT NULL,
  div_sec varchar(50) DEFAULT NULL,
  div_mun varchar(150) DEFAULT NULL
);

--
-- Volcado de datos para la tabla division
--

INSERT INTO division (div_cod, div_dep, div_prov, div_sec, div_mun) VALUES
(10101, 'Chuquisaca', 'Oropeza', 'CAPITAL', 'Sucre'),
(10102, 'Chuquisaca', 'Oropeza', 'PRIMERA', 'Yotala'),
(10103, 'Chuquisaca', 'Oropeza', 'SEGUNDA', 'Poroma'),
(10201, 'Chuquisaca', 'Azurduy', 'PRIMERA', 'Villa Azurduy'),
(10202, 'Chuquisaca', 'Azurduy', 'SEGUNDA', 'Tarvita(V.Arias)'),
(10301, 'Chuquisaca', 'Zudañez', 'PRIMERA', 'Villa Zudanez (Tacopaya)'),
(10302, 'Chuquisaca', 'Zudañez', 'SEGUNDA', 'Presto'),
(10303, 'Chuquisaca', 'Zudañez', 'TERCERA', 'Villa Mojocoya'),
(10304, 'Chuquisaca', 'Zudañez', 'CUARTA', 'Icla (R.Mujia)'),
(10401, 'Chuquisaca', 'Tomina', 'PRIMERA', 'Padilla'),
(10402, 'Chuquisaca', 'Tomina', 'SEGUNDA', 'Tomina'),
(10403, 'Chuquisaca', 'Tomina', 'TERCERA', 'Sopachuy'),
(10404, 'Chuquisaca', 'Tomina', 'CUARTA', 'Villa Alcala '),
(10405, 'Chuquisaca', 'Tomina', 'QUINTA', 'El Villar'),
(10501, 'Chuquisaca', 'Hernando Siles', 'PRIMERA', 'Monteagudo'),
(10502, 'Chuquisaca', 'Hernando Siles', 'SEGUNDA', 'S.Pablo de Huacareta'),
(10601, 'Chuquisaca', 'Yamparaez', 'PRIMERA', 'Tarabuco'),
(10602, 'Chuquisaca', 'Yamparaez', 'SEGUNDA', 'Yamparaez'),
(10701, 'Chuquisaca', 'Nor Cinti', 'PRIMERA', 'Camargo'),
(10702, 'Chuquisaca', 'Nor Cinti', 'SEGUNDA', 'San Lucas'),
(10703, 'Chuquisaca', 'Nor Cinti', 'TERCERA', 'Incahuasi'),
(10801, 'Chuquisaca', 'Belisario Boeto', 'PRIMERA', 'Villa Serrano'),
(10901, 'Chuquisaca', 'Sur Cinti', 'PRIMERA', 'Villa Abecia'),
(10902, 'Chuquisaca', 'Sur Cinti', 'SEGUNDA', 'Culpina'),
(10903, 'Chuquisaca', 'Sur Cinti', 'TERCERA', 'Las Carreras'),
(11001, 'Chuquisaca', 'Luis Calvo', 'PRIMERA', 'Villa Vaca Guzman'),
(11002, 'Chuquisaca', 'Luis Calvo', 'SEGUNDA', 'Huacaya'),
(11003, 'Chuquisaca', 'Luis Calvo', 'TERCERA', 'Machareti'),
(20101, 'La Paz', 'Murillo', 'CAPITAL', 'La Paz'),
(20102, 'La Paz', 'Murillo', 'PRIMERA', 'Palca'),
(20103, 'La Paz', 'Murillo', 'SEGUNDA', 'Mecapaca'),
(20104, 'La Paz', 'Murillo', 'TERCERA', 'Achocalla'),
(20105, 'La Paz', 'Murillo', 'CUARTA', 'El Alto'),
(20201, 'La Paz', 'Omasuyos', 'PRIMERA', 'Achacachi'),
(20202, 'La Paz', 'Omasuyos', 'SEGUNDA', 'Ancoraimes'),
(20301, 'La Paz', 'Pacajes', 'PRIMERA', 'Coro Coro'),
(20302, 'La Paz', 'Pacajes', 'SEGUNDA', 'Caquiaviri'),
(20303, 'La Paz', 'Pacajes', 'TERCERA', 'Calacoto'),
(20304, 'La Paz', 'Pacajes', 'CUARTA', 'Comanche'),
(20305, 'La Paz', 'Pacajes', 'QUINTA', 'Charaña'),
(20306, 'La Paz', 'Pacajes', 'SEXTA', 'Waldo Ballivian'),
(20307, 'La Paz', 'Pacajes', 'SEPTIMA', 'Nazacara de Pacajes'),
(20308, 'La Paz', 'Pacajes', 'OCTAVA', 'Santiago de Callapa'),
(20401, 'La Paz', 'Camacho', 'PRIMERA', 'Puerto Acosta'),
(20402, 'La Paz', 'Camacho', 'SEGUNDA', 'Mocomoco'),
(20403, 'La Paz', 'Camacho', 'TERCERA', 'Pto.Carabuco Chaguaya'),
(20501, 'La Paz', 'Muñecas', 'PRIMERA', 'Chuma'),
(20502, 'La Paz', 'Muñecas', 'SEGUNDA', 'Ayata'),
(20503, 'La Paz', 'Muñecas', 'TERCERA', 'Aucapata'),
(20601, 'La Paz', 'Larecaja', 'PRIMERA', 'Sorata'),
(20602, 'La Paz', 'Larecaja', 'SEGUNDA', 'Guanay'),
(20603, 'La Paz', 'Larecaja', 'TERCERA', 'Tacacoma'),
(20604, 'La Paz', 'Larecaja', 'CUARTA', 'Quiabaya'),
(20605, 'La Paz', 'Larecaja', 'QUINTA', 'Combaya'),
(20606, 'La Paz', 'Larecaja', 'SEXTA', 'Tipuani'),
(20607, 'La Paz', 'Larecaja', 'SEPTIMA', 'Mapiri'),
(20608, 'La Paz', 'Larecaja', 'OCTAVA', 'Teoponte'),
(20701, 'La Paz', 'Franz Tamayo', 'PRIMERA', 'Apolo'),
(20702, 'La Paz', 'Franz Tamayo', 'SEGUNDA', 'Pelechuco'),
(20801, 'La Paz', 'Ingavi', 'PRIMERA', 'Viacha'),
(20802, 'La Paz', 'Ingavi', 'SEGUNDA', 'Guaqui'),
(20803, 'La Paz', 'Ingavi', 'TERCERA', 'Tiahuanacu'),
(20804, 'La Paz', 'Ingavi', 'CUARTA', 'Desaguadero'),
(20805, 'La Paz', 'Ingavi', 'QUINTA', 'San Andres de Machaca'),
(20806, 'La Paz', 'Ingavi', 'SEXTA', 'Jesus de Machaca'),
(20807, 'La Paz', 'Ingavi', 'SEPTIMA', 'Taraco'),
(20901, 'La Paz', 'Loayza', 'PRIMERA', 'Luribay'),
(20902, 'La Paz', 'Loayza', 'SEGUNDA', 'Sapahaqui'),
(20903, 'La Paz', 'Loayza', 'TERCERA', 'Yaco'),
(20904, 'La Paz', 'Loayza', 'CUARTA', 'Malla'),
(20905, 'La Paz', 'Loayza', 'QUINTA', 'Cairoma'),
(21001, 'La Paz', 'Inquisivi', 'PRIMERA', 'Inquisivi'),
(21002, 'La Paz', 'Inquisivi', 'SEGUNDA', 'Quime'),
(21003, 'La Paz', 'Inquisivi', 'TERCERA', 'Cajuata'),
(21004, 'La Paz', 'Inquisivi', 'CUARTA', 'Colquiri'),
(21005, 'La Paz', 'Inquisivi', 'QUINTA', 'Ichoca'),
(21006, 'La Paz', 'Inquisivi', 'SEXTA', 'Licoma'),
(21101, 'La Paz', 'Sur Yungas', 'PRIMERA', 'Chulumani'),
(21102, 'La Paz', 'Sur Yungas', 'SEGUNDA', 'Irupana'),
(21103, 'La Paz', 'Sur Yungas', 'TERCERA', 'Yanacachi'),
(21104, 'La Paz', 'Sur Yungas', 'CUARTA', 'Palos Blancos'),
(21105, 'La Paz', 'Sur Yungas', 'CUARTA', 'La Asunta'),
(21201, 'La Paz', 'Los Andes', 'PRIMERA', 'Pucarani'),
(21202, 'La Paz', 'Los Andes', 'SEGUNDA', 'Laja'),
(21203, 'La Paz', 'Los Andes', 'TERCERA', 'Batallas'),
(21204, 'La Paz', 'Los Andes', 'CUARTA', 'Pto. Perez'),
(21301, 'La Paz', 'Aroma', 'PRIMERA', 'Sica-Sica(V.Aroma)'),
(21302, 'La Paz', 'Aroma', 'SEGUNDA', 'Umala'),
(21303, 'La Paz', 'Aroma', 'TERCERA', 'Ayo-Ayo'),
(21304, 'La Paz', 'Aroma', 'CUARTA', 'Calamarca'),
(21305, 'La Paz', 'Aroma', 'QUINTA', 'Patacamaya'),
(21306, 'La Paz', 'Aroma', 'SEXTA', 'Colquencha'),
(21307, 'La Paz', 'Aroma', 'SEPTIMA', 'Collana'),
(21401, 'La Paz', 'Nor Yungas', 'PRIMERA', 'Coroico'),
(21402, 'La Paz', 'Nor Yungas', 'SEGUNDA', 'Coripata'),
(21501, 'La Paz', 'Abel Iturralde', 'PRIMERA', 'Ixiamas'),
(21502, 'La Paz', 'Abel Iturralde', 'SEGUNDA', 'San Buenaventura'),
(21601, 'La Paz', 'Bautista Saavedra', 'PRIMERA', 'Gral.Perez -Charazani'),
(21602, 'La Paz', 'Bautista Saavedra', 'SEGUNDA', 'Curva'),
(21701, 'La Paz', 'Manco Kapac', 'PRIMERA', 'Copacabana'),
(21702, 'La Paz', 'Manco Kapac', 'SEGUNDA', 'San Pedro de Tiquina'),
(21703, 'La Paz', 'Manco Kapac', 'TERCERA', 'Tito Yupanki'),
(21801, 'La Paz', 'Gualberto Villarroel', 'PRIMERA', 'S.Pedro de Curahuara'),
(21802, 'La Paz', 'Gualberto Villarroel', 'SEGUNDA', 'Papel Pampa'),
(21803, 'La Paz', 'Gualberto Villarroel', 'TERCERA', 'Chacarilla'),
(21901, 'La Paz', 'General Jose Manuel Pando', 'PRIMERA', 'Santiago de Machaca'),
(21902, 'La Paz', 'General Jose Manuel Pando', 'SEGUNDA', 'Catacora'),
(22001, 'La Paz', 'Caranavi', 'PRIMERA', 'Caranavi'),
(30101, 'Cochabamba', 'Cercado', 'PRIMERA', 'Cochabamba'),
(30201, 'Cochabamba', 'Campero', 'PRIMERA', 'Aiquile'),
(30202, 'Cochabamba', 'Campero', 'SEGUNDA', 'Pasorapa'),
(30203, 'Cochabamba', 'Campero', 'TERCERA', 'Omereque'),
(30301, 'Cochabamba', 'Ayopaya', 'PRIMERA', 'Independencia'),
(30302, 'Cochabamba', 'Ayopaya', 'SEGUNDA', 'Morochata'),
(30401, 'Cochabamba', 'Esteban Arce', 'PRIMERA', 'Tarata'),
(30402, 'Cochabamba', 'Esteban Arce', 'SEGUNDA', 'Anzaldo'),
(30403, 'Cochabamba', 'Esteban Arce', 'TERCERA', 'Arbieto'),
(30404, 'Cochabamba', 'Esteban Arce', 'CUARTA', 'Sacabamba'),
(30501, 'Cochabamba', 'Arani', 'PRIMERA', 'Arani'),
(30502, 'Cochabamba', 'Arani', 'SEGUNDA', 'Vacas'),
(30601, 'Cochabamba', 'Arque', 'PRIMERA', 'Arque'),
(30602, 'Cochabamba', 'Arque', 'SEGUNDA', 'Tacopaya'),
(30701, 'Cochabamba', 'Capinota', 'PRIMERA', 'Capinota'),
(30702, 'Cochabamba', 'Capinota', 'SEGUNDA', 'Santivañez'),
(30703, 'Cochabamba', 'Capinota', 'TERCERA', 'Sicaya'),
(30801, 'Cochabamba', 'German Jordan', 'PRIMERA', 'Cliza'),
(30802, 'Cochabamba', 'German Jordan', 'SEGUNDA', 'Toco'),
(30803, 'Cochabamba', 'German Jordan', 'TERCERA', 'Tolata'),
(30901, 'Cochabamba', 'Quillacollo', 'PRIMERA', 'Quillacollo'),
(30902, 'Cochabamba', 'Quillacollo', 'SEGUNDA', 'Sipe Sipe'),
(30903, 'Cochabamba', 'Quillacollo', 'TERCERA', 'Tiquipaya'),
(30904, 'Cochabamba', 'Quillacollo', 'CUARTA', 'Vinto'),
(30905, 'Cochabamba', 'Quillacollo', 'QUINTA', 'Colcapirhua'),
(31001, 'Cochabamba', 'Chapare', 'PRIMERA', 'Sacaba'),
(31002, 'Cochabamba', 'Chapare', 'SEGUNDA', 'Colomi'),
(31003, 'Cochabamba', 'Chapare', 'TERCERA', 'Villa Tunari'),
(31101, 'Cochabamba', 'Tapacari', 'PRIMERA', 'Tapacar?'),
(31201, 'Cochabamba', 'Carrasco', 'PRIMERA', 'Totora'),
(31202, 'Cochabamba', 'Carrasco', 'SEGUNDA', 'Pojo'),
(31203, 'Cochabamba', 'Carrasco', 'TERCERA', 'Pocona'),
(31204, 'Cochabamba', 'Carrasco', 'CUARTA', 'Chimore'),
(31205, 'Cochabamba', 'Carrasco', 'QUINTA', 'Puerto Villarroel'),
(31206, 'Cochabamba', 'Carrasco', 'SEXTA', 'Bulo - Bulo'),
(31301, 'Cochabamba', 'Mizque', 'PRIMERA', 'Mizque'),
(31302, 'Cochabamba', 'Mizque', 'SEGUNDA', 'Vila Vila'),
(31303, 'Cochabamba', 'Mizque', 'TERCERA', 'Alalay'),
(31401, 'Cochabamba', 'Punata', 'PRIMERA', 'Punata'),
(31402, 'Cochabamba', 'Punata', 'SEGUNDA', 'Villa Rivero'),
(31403, 'Cochabamba', 'Punata', 'TERCERA', 'San Benito-VJQ.Mendo'),
(31404, 'Cochabamba', 'Punata', 'CUARTA', 'Tacachi'),
(31405, 'Cochabamba', 'Punata', 'QUINTA', 'Cuchumuela-V. G.Villarroel'),
(31501, 'Cochabamba', 'Bolivar', 'PRIMERA', 'Bolivar'),
(31601, 'Cochabamba', 'Tiraque', 'PRIMERA', 'Tiraque'),
(40101, 'Oruro', 'Cercado', 'CAPITAL', 'Oruro'),
(40102, 'Oruro', 'Cercado', 'PRIMERA', 'Caracollo'),
(40103, 'Oruro', 'Cercado', 'SEGUNDA', 'El Choro'),
(40104, 'Oruro', 'Cercado', 'TERCERA', 'Paria'),
(40201, 'Oruro', 'Abaroa', 'PRIMERA', 'Challapata'),
(40202, 'Oruro', 'Abaroa', 'SEGUNDA', 'Santuario Quillacas'),
(40301, 'Oruro', 'Carangas', 'PRIMERA', 'Corque'),
(40302, 'Oruro', 'Carangas', 'SEGUNDA', 'Choquecota'),
(40401, 'Oruro', 'Sajama', 'PRIMERA', 'Curahuara de Carangas'),
(40402, 'Oruro', 'Sajama', 'SEGUNDA', 'Turco'),
(40501, 'Oruro', 'Litoral', 'PRIMERA', 'Huachacalla'),
(40502, 'Oruro', 'Litoral', 'SEGUNDA', 'Escara'),
(40503, 'Oruro', 'Litoral', 'TERCERA', 'Cruz de Machacamarca'),
(40504, 'Oruro', 'Litoral', 'CUARTA', 'Yunguyo del Litoral'),
(40505, 'Oruro', 'Litoral', 'QUINTA', 'Esmeralda'),
(40601, 'Oruro', 'Poopo', 'PRIMERA', 'Villa Poopo'),
(40602, 'Oruro', 'Poopo', 'SEGUNDA', 'Pazna'),
(40603, 'Oruro', 'Poopo', 'TERCERA', 'Antequera-Bolivar'),
(40701, 'Oruro', 'Pantaleon Dalence', 'PRIMERA', 'Villa Huanuni'),
(40702, 'Oruro', 'Pantaleon Dalence', 'SEGUNDA', 'Machacamarca'),
(40801, 'Oruro', 'Ladislao Cabrera', 'PRIMERA', 'Salinas de G. Mendoza'),
(40802, 'Oruro', 'Ladislao Cabrera', 'SEGUNDA', 'Pampa Aullagas'),
(40901, 'Oruro', 'Atahuallpa', 'PRIMERA', 'Sabaya'),
(40902, 'Oruro', 'Atahuallpa', 'SEGUNDA', 'Coipasa'),
(40903, 'Oruro', 'Atahuallpa', 'TERCERA', 'Chipaya'),
(41001, 'Oruro', 'Saucari', 'PRIMERA', 'Toledo'),
(41101, 'Oruro', 'Tomas Barron', 'PRIMERA', 'Eucaliptus'),
(41201, 'Oruro', 'Sur Carangas', 'PRIMERA', 'Andamarca'),
(41202, 'Oruro', 'Sur Carangas', 'SEGUNDA', 'Belen de Andamarca'),
(41301, 'Oruro', 'San Pedro De Totora', 'PRIMERA', 'Totora'),
(41401, 'Oruro', 'Sebastian Pagador', 'PRIMERA', 'Santiago de Huari'),
(41501, 'Oruro', 'Mejillones', 'PRIMERA', 'La Rivera'),
(41502, 'Oruro', 'Mejillones', 'SEGUNDA', 'Todos Santos'),
(41503, 'Oruro', 'Mejillones', 'TERCERA', 'Carangas'),
(41601, 'Oruro', 'Nor Carangas', 'PRIMERA', 'Santiago de Huayllamarca'),
(50101, 'Potosi', 'Tomas Frias', 'CAPITAL', 'Potosi'),
(50102, 'Potosi', 'Tomas Frias', 'PRIMERA', 'Tinquipaya'),
(50103, 'Potosi', 'Tomas Frias', 'SEGUNDA', 'Villa de Yocalla'),
(50104, 'Potosi', 'Tomas Frias', 'TERCERA', 'Belen de Urmiri'),
(50201, 'Potosi', 'Rafael Bustillo', 'PRIMERA', 'Uncia'),
(50202, 'Potosi', 'Rafael Bustillo', 'SEGUNDA', 'Chayanta'),
(50203, 'Potosi', 'Rafael Bustillo', 'TERCERA', 'Llallagua'),
(50301, 'Potosi', 'Cornelio Saavedra', 'PRIMERA', 'Betanzos'),
(50302, 'Potosi', 'Cornelio Saavedra', 'SEGUNDA', 'Chaqui'),
(50303, 'Potosi', 'Cornelio Saavedra', 'TERCERA', 'Tacobamba'),
(50401, 'Potosi', 'Chayanta', 'PRIMERA', 'Colquechaca'),
(50402, 'Potosi', 'Chayanta', 'SEGUNDA', 'Ravelo'),
(50403, 'Potosi', 'Chayanta', 'TERCERA', 'Pocoata'),
(50404, 'Potosi', 'Chayanta', 'CUARTA', 'Ocuri'),
(50501, 'Potosi', 'Charcas', 'PRIMERA', 'San Pedro'),
(50502, 'Potosi', 'Charcas', 'SEGUNDA', 'Toro Toro'),
(50601, 'Potosi', 'Nor Chichas', 'PRIMERA', 'Cotagaita'),
(50602, 'Potosi', 'Nor Chichas', 'SEGUNDA', 'Vitichi'),
(50701, 'Potosi', 'Alonso De Ibañez', 'PRIMERA', 'Sacaca'),
(50702, 'Potosi', 'Alonso De Ibañez', 'SEGUNDA', 'Caripuyo'),
(50801, 'Potosi', 'Sur Chichas', 'PRIMERA', 'Tupiza'),
(50802, 'Potosi', 'Sur Chichas', 'SEGUNDA', 'Atocha'),
(50901, 'Potosi', 'Nor Lipez', 'PRIMERA', 'Colcha K-V.Martin'),
(50902, 'Potosi', 'Nor Lipez', 'SEGUNDA', 'San Pedro de Quemes'),
(51001, 'Potosi', 'Sur Lipez', 'PRIMERA', 'San Pablo de Lipez'),
(51002, 'Potosi', 'Sur Lipez', 'SEGUNDA', 'Mojinete'),
(51003, 'Potosi', 'Sur Lipez', 'TERCERA', 'San Antonio de Esmoruco'),
(51101, 'Potosi', 'Jose Maria Linares', 'PRIMERA', 'Puna'),
(51102, 'Potosi', 'Jose Maria Linares', 'SEGUNDA', 'Caiza D'),
(51201, 'Potosi', 'Antonio Quijarro', 'PRIMERA', 'Uyuni-Thola Pampa'),
(51202, 'Potosi', 'Antonio Quijarro', 'SEGUNDA', 'Tomave'),
(51203, 'Potosi', 'Antonio Quijarro', 'TERCERA', 'Porco'),
(51301, 'Potosi', 'General Bernardino Bilbao', 'PRIMERA', 'Arampampa'),
(51302, 'Potosi', 'General Bernardino Bilbao', 'SEGUNDA', 'Acasio'),
(51401, 'Potosi', 'Daniel Campos', 'PRIMERA', 'Llica'),
(51402, 'Potosi', 'Daniel Campos', 'SEGUNDA', 'Tahua'),
(51501, 'Potosi', 'Modesto Omiste', 'PRIMERA', 'Villazon'),
(51601, 'Potosi', 'Enrique Baldivieso', 'PRIMERA', 'San Agustin'),
(60101, 'Tarija', 'Cercado', 'PRIMERA', 'Tarija'),
(60201, 'Tarija', 'Arce', 'PRIMERA', 'Padcaya'),
(60202, 'Tarija', 'Arce', 'SEGUNDA', 'Bermejo'),
(60301, 'Tarija', 'Gran Chaco', 'PRIMERA', 'Yacuiba'),
(60302, 'Tarija', 'Gran Chaco', 'SEGUNDA', 'Carapari'),
(60303, 'Tarija', 'Gran Chaco', 'TERCERA', 'Villa Montes'),
(60401, 'Tarija', 'Avilez', 'PRIMERA', 'Uriondo'),
(60402, 'Tarija', 'Avilez', 'SEGUNDA', 'Yunchara'),
(60501, 'Tarija', 'Mendez', 'PRIMERA', 'San Lorenzo'),
(60502, 'Tarija', 'Mendez', 'SEGUNDA', 'Tomayapo-El Puente'),
(60601, 'Tarija', 'Burnet O Connor', 'PRIMERA', 'La Moreta-Entre Rios'),
(70101, 'Santa Cruz', 'Andres Ibañez', 'CAPITAL', 'Santa Cruz de la Sierra'),
(70102, 'Santa Cruz', 'Andres Ibañez', 'PRIMERA', 'Cotoca'),
(70103, 'Santa Cruz', 'Andres Ibañez', 'SEGUNDA', 'Porongo-Ayacucho'),
(70104, 'Santa Cruz', 'Andres Ibañez', 'TERCERA', 'La Guardia'),
(70105, 'Santa Cruz', 'Andres Ibañez', 'CUARTA', 'El Torno'),
(70201, 'Santa Cruz', 'Warnes', 'PRIMERA', 'Warnes'),
(70202, 'Santa Cruz', 'Warnes', 'SEGUNDA', 'Okinawa'),
(70301, 'Santa Cruz', 'Velasco', 'PRIMERA', 'San Ignacio'),
(70302, 'Santa Cruz', 'Velasco', 'SEGUNDA', 'San Miguel'),
(70303, 'Santa Cruz', 'Velasco', 'TERCERA', 'San Rafael'),
(70401, 'Santa Cruz', 'Ichilo', 'PRIMERA', 'Buena Vista'),
(70402, 'Santa Cruz', 'Ichilo', 'SEGUNDA', 'San Carlos'),
(70403, 'Santa Cruz', 'Ichilo', 'TERCERA', 'Yapacani-San Juan'),
(70404, 'Santa Cruz', 'Ichilo', 'CUARTA', 'San Juan'),
(70501, 'Santa Cruz', 'Chiquitos', 'PRIMERA', 'San Jose'),
(70502, 'Santa Cruz', 'Chiquitos', 'SEGUNDA', 'Pailon'),
(70503, 'Santa Cruz', 'Chiquitos', 'TERCERA', 'Robore'),
(70601, 'Santa Cruz', 'Sara', 'PRIMERA', 'Portachuelo'),
(70602, 'Santa Cruz', 'Sara', 'SEGUNDA', 'Santa Rosa'),
(70603, 'Santa Cruz', 'Sara', 'TERCERA', 'Colpa Belgica'),
(70701, 'Santa Cruz', 'Cordillera', 'PRIMERA', 'Lagunillas'),
(70702, 'Santa Cruz', 'Cordillera', 'SEGUNDA', 'Charagua'),
(70703, 'Santa Cruz', 'Cordillera', 'TERCERA', 'Cabezas'),
(70704, 'Santa Cruz', 'Cordillera', 'CUARTA', 'Cuevo'),
(70705, 'Santa Cruz', 'Cordillera', 'QUINTA', 'Gutierrez'),
(70706, 'Santa Cruz', 'Cordillera', 'SEXTA', 'Camiri'),
(70707, 'Santa Cruz', 'Cordillera', 'SEPTIMA', 'Boyuibe'),
(70801, 'Santa Cruz', 'Valle Grande', 'PRIMERA', 'Vallegrande'),
(70802, 'Santa Cruz', 'Valle Grande', 'SEGUNDA', 'Trigal'),
(70803, 'Santa Cruz', 'Valle Grande', 'TERCERA', 'Moromoro'),
(70804, 'Santa Cruz', 'Valle Grande', 'CUARTA', 'Postrer Valle'),
(70805, 'Santa Cruz', 'Valle Grande', 'QUINTA', 'Pucara'),
(70901, 'Santa Cruz', 'Florida', 'PRIMERA', 'Samaipata'),
(70902, 'Santa Cruz', 'Florida', 'SEGUNDA', 'Pampa Grande'),
(70903, 'Santa Cruz', 'Florida', 'TERCERA', 'Mairana'),
(70904, 'Santa Cruz', 'Florida', 'CUARTA', 'Quirusillas'),
(71001, 'Santa Cruz', 'Obispo Santisteban', 'PRIMERA', 'Montero'),
(71002, 'Santa Cruz', 'Obispo Santisteban', 'SEGUNDA', 'Gral. Saavedra'),
(71003, 'Santa Cruz', 'Obispo Santisteban', 'TERCERA', 'Mineros'),
(71004, 'Santa Cruz', 'Obispo Santisteban', 'CUARTA', 'Fernandez Alonso'),
(71005, 'Santa Cruz', 'Obispo Santisteban', 'QUINTA', 'San Pedro'),
(71101, 'Santa Cruz', 'Ñuflo De Chavez', 'PRIMERA', 'Concepcion'),
(71102, 'Santa Cruz', 'Ñuflo De Chavez', 'SEGUNDA', 'San Javier'),
(71103, 'Santa Cruz', 'Ñuflo De Chavez', 'TERCERA', 'San Julian'),
(71104, 'Santa Cruz', 'Ñuflo De Chavez', 'CUARTA', 'San Antonio de Lomerio'),
(71105, 'Santa Cruz', 'Ñuflo De Chavez', 'QUINTA', 'San Ramon-Santa Rosa'),
(71106, 'Santa Cruz', 'Ñuflo De Chavez', 'SEXTA', 'Cuatro Cañadas '),
(71201, 'Santa Cruz', 'Angel Sandoval', 'PRIMERA', 'San Matias'),
(71301, 'Santa Cruz', 'Manuel M. Caballero', 'PRIMERA', 'Comarapa'),
(71302, 'Santa Cruz', 'Manuel M. Caballero', 'SEGUNDA', 'Saipina'),
(71401, 'Santa Cruz', 'German Busch', 'PRIMERA', 'Puerto Suarez'),
(71402, 'Santa Cruz', 'German Busch', 'SEGUNDA', 'Puerto Quijarro'),
(71403, 'Santa Cruz', 'German Busch', 'TERCERA', 'Carmen Rivero Torres'),
(71501, 'Santa Cruz', 'Guarayos', 'PRIMERA', 'Ascencion de Guarayos'),
(71502, 'Santa Cruz', 'Guarayos', 'SEGUNDA', 'Urubicha'),
(71503, 'Santa Cruz', 'Guarayos', 'TERCERA', 'El Puente'),
(80101, 'Beni', 'Cercado', 'PRIMERA', 'Trinidad'),
(80102, 'Beni', 'Cercado', 'SEGUNDA', 'San Javier'),
(80201, 'Beni', 'Vaca Diez', 'PRIMERA', 'Riberalta'),
(80202, 'Beni', 'Vaca Diez', 'SEGUNDA', 'Pto.Guayaramerin'),
(80301, 'Beni', 'General Jose Ballivian', 'PRIMERA', 'Reyes'),
(80302, 'Beni', 'General Jose Ballivian', 'SEGUNDA', 'San Borja'),
(80303, 'Beni', 'General Jose Ballivian', 'TERCERA', 'Santa Rosa'),
(80304, 'Beni', 'General Jose Ballivian', 'CUARTA', 'Pto.Rurrenabaque'),
(80401, 'Beni', 'Yacuma', 'PRIMERA', 'Santa Ana'),
(80402, 'Beni', 'Yacuma', 'SEGUNDA', 'Exaltacion'),
(80501, 'Beni', 'Moxos', 'PRIMERA', 'San Ignacio'),
(80601, 'Beni', 'Marban', 'PRIMERA', 'Loreto'),
(80602, 'Beni', 'Marban', 'SEGUNDA', 'San Andres'),
(80701, 'Beni', 'Mamore', 'PRIMERA', 'San Joaquin'),
(80702, 'Beni', 'Mamore', 'SEGUNDA', 'San Ramon'),
(80703, 'Beni', 'Mamore', 'TERCERA', 'Puerto Siles'),
(80801, 'Beni', 'Itenez', 'PRIMERA', 'Magdalena'),
(80802, 'Beni', 'Itenez', 'SEGUNDA', 'Baures'),
(80803, 'Beni', 'Itenez', 'TERCERA', 'Huaracaje'),
(90101, 'Pando', 'Nicolas Suarez', 'PRIMERA', 'Cobija'),
(90102, 'Pando', 'Nicolas Suarez', 'SEGUNDA', 'Porvenir'),
(90103, 'Pando', 'Nicolas Suarez', 'TERCERA', 'Bolpebra'),
(90104, 'Pando', 'Nicolas Suarez', 'CUARTA', 'Bella Flor'),
(90201, 'Pando', 'Manuripi', 'PRIMERA', 'Puerto Rico'),
(90202, 'Pando', 'Manuripi', 'SEGUNDA', 'San Pedro-Conquista'),
(90203, 'Pando', 'Manuripi', 'TERCERA', 'Filadelfia'),
(90301, 'Pando', 'Madre De Dios', 'PRIMERA', 'Pto. G. Moreno'),
(90302, 'Pando', 'Madre De Dios', 'SEGUNDA', 'San Lorenzo'),
(90303, 'Pando', 'Madre De Dios', 'TERCERA', 'Sena'),
(90401, 'Pando', 'Abuna', 'PRIMERA', 'Santa Rosa'),
(90402, 'Pando', 'Abuna', 'SEGUNDA', 'Humaita -Ingavi'),
(90501, 'Pando', 'Federico Roman', 'PRIMERA', 'Nuevo Manoa -Nueva Esperanza'),
(90502, 'Pando', 'Federico Roman', 'SEGUNDA', 'Villa Nueva'),
(90503, 'Pando', 'Federico Roman', 'TERCERA', 'Santos Mercado'),
(20203, 'La Paz', 'Omasuyos', 'TERCERA', 'Huarina');

-- --------------------------------------------------------

--  

CREATE TABLE IF NOT EXISTS municipio (
  mun_id numeric NOT NULL,
  mun_cod varchar(2) DEFAULT NULL,
  mun_des varchar(30) DEFAULT NULL,
  mun_sec varchar(8) DEFAULT NULL,
  pro_id numeric DEFAULT NULL
);

--
-- Volcado de datos para la tabla municipio
--

INSERT INTO municipio (mun_id, mun_cod, mun_des, mun_sec, pro_id) VALUES
(1, '01', 'Sucre', 'CAPITAL', 1),
(2, '02', 'Yotala', 'PRIMERA', 1),
(3, '03', 'Poroma', 'SEGUNDA', 1),
(4, '01', 'Villa Azurduy', 'PRIMERA', 2),
(5, '02', 'Tarvita(V.Arias)', 'SEGUNDA', 2),
(6, '01', 'Villa Zudanez (Tacopaya)', 'PRIMERA', 3),
(7, '02', 'Presto', 'SEGUNDA', 3),
(8, '03', 'Villa Mojocoya', 'TERCERA', 3),
(9, '04', 'Icla (R.Mujia)', 'CUARTA', 3),
(10, '01', 'Padilla', 'PRIMERA', 4),
(11, '02', 'Tomina', 'SEGUNDA', 4),
(12, '03', 'Sopachuy', 'TERCERA', 4),
(13, '04', 'Villa Alcala', 'CUARTA', 4),
(14, '05', 'El Villar', 'QUINTA', 4),
(15, '01', 'Monteagudo', 'PRIMERA', 5),
(16, '02', 'S.Pablo de Huacareta', 'SEGUNDA', 5),
(17, '01', 'Tarabuco', 'PRIMERA', 6),
(18, '02', 'Yamparaez', 'SEGUNDA', 6),
(19, '01', 'Camargo', 'PRIMERA', 7),
(20, '02', 'San Lucas', 'SEGUNDA', 7),
(21, '03', 'Incahuasi', 'TERCERA', 7),
(22, '01', 'Villa Serrano', 'PRIMERA', 8),
(23, '01', 'Villa Abecia', 'PRIMERA', 9),
(24, '02', 'Culpina', 'SEGUNDA', 9),
(25, '03', 'Las Carreras', 'TERCERA', 9),
(26, '01', 'Villa Vaca Guzman', 'PRIMERA', 10),
(27, '02', 'Huacaya', 'SEGUNDA', 10),
(28, '03', 'Machareti', 'TERCERA', 10),
(29, '01', 'La Paz', 'CAPITAL', 11),
(30, '02', 'Palca', 'PRIMERA', 11),
(31, '03', 'Mecapaca', 'SEGUNDA', 11),
(32, '04', 'Achocalla', 'TERCERA', 11),
(33, '05', 'El Alto', 'CUARTA', 11),
(34, '01', 'Achacachi', 'PRIMERA', 12),
(35, '02', 'Ancoraimes', 'SEGUNDA', 12),
(36, '03', 'Huarina', 'TERCERA', 12),
(37, '01', 'Coro Coro', 'PRIMERA', 13),
(38, '02', 'Caquiaviri', 'SEGUNDA', 13),
(39, '03', 'Calacoto', 'TERCERA', 13),
(40, '04', 'Comanche', 'CUARTA', 13),
(41, '05', 'Charaña', 'QUINTA', 13),
(42, '06', 'Waldo Ballivian', 'SEXTA', 13),
(43, '07', 'Nazacara de Pacajes', 'SEPTIMA', 13),
(44, '08', 'Santiago de Callapa', 'OCTAVA', 13),
(45, '01', 'Puerto Acosta', 'PRIMERA', 14),
(46, '02', 'Mocomoco', 'SEGUNDA', 14),
(47, '03', 'Pto.Carabuco Chaguaya', 'TERCERA', 14),
(48, '01', 'Chuma', 'PRIMERA', 15),
(49, '02', 'Ayata', 'SEGUNDA', 15),
(50, '03', 'Aucapata', 'TERCERA', 15),
(51, '01', 'Sorata', 'PRIMERA', 16),
(52, '02', 'Guanay', 'SEGUNDA', 16),
(53, '03', 'Tacacoma', 'TERCERA', 16),
(54, '04', 'Quiabaya', 'CUARTA', 16),
(55, '05', 'Combaya', 'QUINTA', 16),
(56, '06', 'Tipuani', 'SEXTA', 16),
(57, '07', 'Mapiri', 'SEPTIMA', 16),
(58, '08', 'Teoponte', 'OCTAVA', 16),
(59, '01', 'Apolo', 'PRIMERA', 17),
(60, '02', 'Pelechuco', 'SEGUNDA', 17),
(61, '01', 'Viacha', 'PRIMERA', 18),
(62, '02', 'Guaqui', 'SEGUNDA', 18),
(63, '03', 'Tiahuanacu', 'TERCERA', 18),
(64, '04', 'Desaguadero', 'CUARTA', 18),
(65, '05', 'San Andres de Machaca', 'QUINTA', 18),
(66, '06', 'Jesus de Machaca', 'SEXTA', 18),
(67, '07', 'Taraco', 'SEPTIMA', 18),
(68, '01', 'Luribay', 'PRIMERA', 19),
(69, '02', 'Sapahaqui', 'SEGUNDA', 19),
(70, '03', 'Yaco', 'TERCERA', 19),
(71, '04', 'Malla', 'CUARTA', 19),
(72, '05', 'Cairoma', 'QUINTA', 19),
(73, '01', 'Inquisivi', 'PRIMERA', 20),
(74, '02', 'Quime', 'SEGUNDA', 20),
(75, '03', 'Cajuata', 'TERCERA', 20),
(76, '04', 'Colquiri', 'CUARTA', 20),
(77, '05', 'Ichoca', 'QUINTA', 20),
(78, '06', 'Licoma', 'SEXTA', 20),
(79, '01', 'Chulumani', 'PRIMERA', 21),
(80, '02', 'Irupana', 'SEGUNDA', 21),
(81, '03', 'Yanacachi', 'TERCERA', 21),
(82, '04', 'Palos Blancos', 'CUARTA', 21),
(83, '05', 'La Asunta', 'CUARTA', 21),
(84, '01', 'Pucarani', 'PRIMERA', 22),
(85, '02', 'Laja', 'SEGUNDA', 22),
(86, '03', 'Batallas', 'TERCERA', 22),
(87, '04', 'Pto. Perez', 'CUARTA', 22),
(88, '01', 'Sica-Sica(V.Aroma)', 'PRIMERA', 23),
(89, '02', 'Umala', 'SEGUNDA', 23),
(90, '03', 'Ayo-Ayo', 'TERCERA', 23),
(91, '04', 'Calamarca', 'CUARTA', 23),
(92, '05', 'Patacamaya', 'QUINTA', 23),
(93, '06', 'Colquencha', 'SEXTA', 23),
(94, '07', 'Collana', 'SEPTIMA', 23),
(95, '01', 'Coroico', 'PRIMERA', 24),
(96, '02', 'Coripata', 'SEGUNDA', 24),
(97, '01', 'Ixiamas', 'PRIMERA', 25),
(98, '02', 'San Buenaventura', 'SEGUNDA', 25),
(99, '01', 'Gral.Perez -Charazani', 'PRIMERA', 26),
(100, '02', 'Curva', 'SEGUNDA', 26),
(101, '01', 'Copacabana', 'PRIMERA', 27),
(102, '02', 'San Pedro de Tiquina', 'SEGUNDA', 27),
(103, '03', 'Tito Yupanki', 'TERCERA', 27),
(104, '01', 'S.Pedro de Curahuara', 'PRIMERA', 28),
(105, '02', 'Papel Pampa', 'SEGUNDA', 28),
(106, '03', 'Chacarilla', 'TERCERA', 28),
(107, '01', 'Santiago de Machaca', 'PRIMERA', 29),
(108, '02', 'Catacora', 'SEGUNDA', 29),
(109, '01', 'Caranavi', 'PRIMERA', 30),
(110, '01', 'Cochabamba', 'CAPITAL', 31),
(111, '01', 'Aiquile', 'PRIMERA', 32),
(112, '02', 'Pasorapa', 'SEGUNDA', 32),
(113, '03', 'Omereque', 'TERCERA', 32),
(114, '01', 'Independencia', 'PRIMERA', 33),
(115, '02', 'Morochata', 'SEGUNDA', 33),
(116, '01', 'Tarata', 'PRIMERA', 34),
(117, '02', 'Anzaldo', 'SEGUNDA', 34),
(118, '03', 'Arbieto', 'TERCERA', 34),
(119, '04', 'Sacabamba', 'CUARTA', 34),
(120, '01', 'Arani', 'PRIMERA', 35),
(121, '02', 'Vacas', 'SEGUNDA', 35),
(122, '01', 'Arque', 'PRIMERA', 36),
(123, '02', 'Tacopaya', 'SEGUNDA', 36),
(124, '01', 'Capinota', 'PRIMERA', 37),
(125, '02', 'Santivañez', 'SEGUNDA', 37),
(126, '03', 'Sicaya', 'TERCERA', 37),
(127, '01', 'Cliza', 'PRIMERA', 38),
(128, '02', 'Toco', 'SEGUNDA', 38),
(129, '03', 'Tolata', 'TERCERA', 38),
(130, '01', 'Quillacollo', 'PRIMERA', 39),
(131, '02', 'Sipe Sipe', 'SEGUNDA', 39),
(132, '03', 'Tiquipaya', 'TERCERA', 39),
(133, '04', 'Vinto', 'CUARTA', 39),
(134, '05', 'Colcapirhua', 'QUINTA', 39),
(135, '01', 'Sacaba', 'PRIMERA', 40),
(136, '02', 'Colomi', 'SEGUNDA', 40),
(137, '03', 'Villa Tunari', 'TERCERA', 40),
(138, '01', 'Tapacar?', 'PRIMERA', 41),
(139, '01', 'Totora', 'PRIMERA', 42),
(140, '02', 'Pojo', 'SEGUNDA', 42),
(141, '03', 'Pocona', 'TERCERA', 42),
(142, '04', 'Chimore', 'CUARTA', 42),
(143, '05', 'Puerto Villarroel', 'QUINTA', 42),
(144, '06', 'Bulo - Bulo', 'SEXTA', 42),
(145, '01', 'Mizque', 'PRIMERA', 43),
(146, '02', 'Vila Vila', 'SEGUNDA', 43),
(147, '03', 'Alalay', 'TERCERA', 43),
(148, '01', 'Punata', 'PRIMERA', 44),
(149, '02', 'Villa Rivero', 'SEGUNDA', 44),
(150, '03', 'San Benito-VJQ.Mendo', 'TERCERA', 44),
(151, '04', 'Tacachi', 'CUARTA', 44),
(152, '05', 'Cuchumuela-V. G.Villarroel', 'QUINTA', 44),
(153, '01', 'Bolivar', 'PRIMERA', 45),
(154, '01', 'Tiraque', 'PRIMERA', 46),
(155, '01', 'Oruro', 'CAPITAL', 47),
(156, '02', 'Caracollo', 'PRIMERA', 47),
(157, '03', 'El Choro', 'SEGUNDA', 47),
(158, '04', 'Paria', 'TERCERA', 47),
(159, '01', 'Challapata', 'PRIMERA', 48),
(160, '02', 'Santuario Quillacas', 'SEGUNDA', 48),
(161, '01', 'Corque', 'PRIMERA', 49),
(162, '02', 'Choquecota', 'SEGUNDA', 49),
(163, '01', 'Curahuara de Carangas', 'PRIMERA', 50),
(164, '02', 'Turco', 'SEGUNDA', 50),
(165, '01', 'Huachacalla', 'PRIMERA', 51),
(166, '02', 'Escara', 'SEGUNDA', 51),
(167, '03', 'Cruz de Machacamarca', 'TERCERA', 51),
(168, '04', 'Yunguyo del Litoral', 'CUARTA', 51),
(169, '05', 'Esmeralda', 'QUINTA', 51),
(170, '01', 'Villa Poopo', 'PRIMERA', 52),
(171, '02', 'Pazna', 'SEGUNDA', 52),
(172, '03', 'Antequera-Bolivar', 'TERCERA', 52),
(173, '01', 'Villa Huanuni', 'PRIMERA', 53),
(174, '02', 'Machacamarca', 'SEGUNDA', 53),
(175, '01', 'Salinas de G. Mendoza', 'PRIMERA', 54),
(176, '02', 'Pampa Aullagas', 'SEGUNDA', 54),
(177, '01', 'Sabaya', 'PRIMERA', 55),
(178, '02', 'Coipasa', 'SEGUNDA', 55),
(179, '03', 'Chipaya', 'TERCERA', 55),
(180, '01', 'Toledo', 'PRIMERA', 56),
(181, '01', 'Eucaliptus', 'PRIMERA', 57),
(182, '01', 'Andamarca', 'PRIMERA', 58),
(183, '02', 'Belen de Andamarca', 'SEGUNDA', 58),
(184, '01', 'Totora', 'PRIMERA', 59),
(185, '01', 'Santiago de Huari', 'PRIMERA', 60),
(186, '01', 'La Rivera', 'PRIMERA', 61),
(187, '02', 'Todos Santos', 'SEGUNDA', 61),
(188, '03', 'Carangas', 'TERCERA', 61),
(189, '01', 'Santiago de Huayllamarca', 'PRIMERA', 62),
(190, '01', 'Potosi', 'CAPITAL', 63),
(191, '02', 'Tinquipaya', 'PRIMERA', 63),
(192, '03', 'Villa de Yocalla', 'SEGUNDA', 63),
(193, '04', 'Belen de Urmiri', 'TERCERA', 63),
(194, '01', 'Uncia', 'PRIMERA', 64),
(195, '02', 'Chayanta', 'SEGUNDA', 64),
(196, '03', 'Llallagua', 'TERCERA', 64),
(197, '01', 'Betanzos', 'PRIMERA', 65),
(198, '02', 'Chaqui', 'SEGUNDA', 65),
(199, '03', 'Tacobamba', 'TERCERA', 65),
(200, '01', 'Colquechaca', 'PRIMERA', 66),
(201, '02', 'Ravelo', 'SEGUNDA', 66),
(202, '03', 'Pocoata', 'TERCERA', 66),
(203, '04', 'Ocuri', 'CUARTA', 66),
(204, '01', 'San Pedro', 'PRIMERA', 67),
(205, '02', 'Toro Toro', 'SEGUNDA', 67),
(206, '01', 'Cotagaita', 'PRIMERA', 68),
(207, '02', 'Vitichi', 'SEGUNDA', 68),
(208, '01', 'Sacaca', 'PRIMERA', 69),
(209, '02', 'Caripuyo', 'SEGUNDA', 69),
(210, '01', 'Tupiza', 'PRIMERA', 70),
(211, '02', 'Atocha', 'SEGUNDA', 70),
(212, '01', 'Colcha K-V.Martin', 'PRIMERA', 71),
(213, '02', 'San Pedro de Quemes', 'SEGUNDA', 71),
(214, '01', 'San Pablo de Lipez', 'PRIMERA', 72),
(215, '02', 'Mojinete', 'SEGUNDA', 72),
(216, '03', 'San Antonio de Esmoruco', 'TERCERA', 72),
(217, '01', 'Puna', 'PRIMERA', 73),
(218, '02', 'Caiza D', 'SEGUNDA', 73),
(219, '01', 'Uyuni-Thola Pampa', 'PRIMERA', 74),
(220, '02', 'Tomave', 'SEGUNDA', 74),
(221, '03', 'Porco', 'TERCERA', 74),
(222, '01', 'Arampampa', 'PRIMERA', 75),
(223, '02', 'Acasio', 'SEGUNDA', 75),
(224, '01', 'Llica', 'PRIMERA', 76),
(225, '02', 'Tahua', 'SEGUNDA', 76),
(226, '01', 'Villazon', 'PRIMERA', 77),
(227, '01', 'San Agustin', 'PRIMERA', 78),
(228, '01', 'Tarija', 'CAPITAL', 79),
(229, '01', 'Padcaya', 'PRIMERA', 80),
(230, '02', 'Bermejo', 'SEGUNDA', 80),
(231, '01', 'Yacuiba', 'PRIMERA', 81),
(232, '02', 'Carapari', 'SEGUNDA', 81),
(233, '03', 'Villa Montes', 'TERCERA', 81),
(234, '01', 'Uriondo', 'PRIMERA', 82),
(235, '02', 'Yunchara', 'SEGUNDA', 82),
(236, '01', 'San Lorenzo', 'PRIMERA', 83),
(237, '02', 'Tomayapo-El Puente', 'SEGUNDA', 83),
(238, '01', 'La Moreta-Entre Rios', 'PRIMERA', 84),
(239, '01', 'Santa Cruz de la Sierra', 'CAPITAL', 85),
(240, '02', 'Cotoca', 'PRIMERA', 85),
(241, '03', 'Porongo-Ayacucho', 'SEGUNDA', 85),
(242, '04', 'La Guardia', 'TERCERA', 85),
(243, '05', 'El Torno', 'CUARTA', 85),
(244, '01', 'Warnes', 'PRIMERA', 86),
(245, '02', 'Okinawa', 'SEGUNDA', 86),
(246, '01', 'San Ignacio', 'PRIMERA', 87),
(247, '02', 'San Miguel', 'SEGUNDA', 87),
(248, '03', 'San Rafael', 'TERCERA', 87),
(249, '01', 'Buena Vista', 'PRIMERA', 88),
(250, '02', 'San Carlos', 'SEGUNDA', 88),
(251, '03', 'Yapacani-San Juan', 'TERCERA', 88),
(252, '04', 'San Juan', 'CUARTA', 88),
(253, '01', 'San Jose', 'PRIMERA', 89),
(254, '02', 'Pailon', 'SEGUNDA', 89),
(255, '03', 'Robore', 'TERCERA', 89),
(256, '01', 'Portachuelo', 'PRIMERA', 90),
(257, '02', 'Santa Rosa', 'SEGUNDA', 90),
(258, '03', 'Colpa Belgica', 'TERCERA', 90),
(259, '01', 'Lagunillas', 'PRIMERA', 91),
(260, '02', 'Charagua', 'SEGUNDA', 91),
(261, '03', 'Cabezas', 'TERCERA', 91),
(262, '04', 'Cuevo', 'CUARTA', 91),
(263, '05', 'Gutierrez', 'QUINTA', 91),
(264, '06', 'Camiri', 'SEXTA', 91),
(265, '07', 'Boyuibe', 'SEPTIMA', 91),
(266, '01', 'Vallegrande', 'PRIMERA', 92),
(267, '02', 'Trigal', 'SEGUNDA', 92),
(268, '03', 'Moromoro', 'TERCERA', 92),
(269, '04', 'Postrer Valle', 'CUARTA', 92),
(270, '05', 'Pucara', 'QUINTA', 92),
(271, '01', 'Samaipata', 'PRIMERA', 93),
(272, '02', 'Pampa Grande', 'SEGUNDA', 93),
(273, '03', 'Mairana', 'TERCERA', 93),
(274, '04', 'Quirusillas', 'CUARTA', 93),
(275, '01', 'Montero', 'PRIMERA', 94),
(276, '02', 'Gral. Saavedra', 'SEGUNDA', 94),
(277, '03', 'Mineros', 'TERCERA', 94),
(278, '04', 'Fernandez Alonso', 'CUARTA', 94),
(279, '05', 'San Pedro', 'QUINTA', 94),
(280, '01', 'Concepcion', 'PRIMERA', 95),
(281, '02', 'San Javier', 'SEGUNDA', 95),
(282, '03', 'San Julian', 'TERCERA', 95),
(283, '04', 'San Antonio de Lomerio', 'CUARTA', 95),
(284, '05', 'San Ramon-Santa Rosa', 'QUINTA', 95),
(285, '06', 'Cuatro Cañadas', 'SEXTA', 95),
(286, '01', 'San Matias', 'PRIMERA', 96),
(287, '01', 'Comarapa', 'PRIMERA', 97),
(288, '02', 'Saipina', 'SEGUNDA', 97),
(289, '01', 'Puerto Suarez', 'PRIMERA', 98),
(290, '02', 'Puerto Quijarro', 'SEGUNDA', 98),
(291, '03', 'Carmen Rivero Torres', 'TERCERA', 98),
(292, '01', 'Ascencion de Guarayos', 'PRIMERA', 99),
(293, '02', 'Urubicha', 'SEGUNDA', 99),
(294, '03', 'El Puente', 'TERCERA', 99),
(295, '01', 'Trinidad', 'CAPITAL', 100),
(296, '02', 'San Javier', 'SEGUNDA', 100),
(297, '01', 'Riberalta', 'PRIMERA', 101),
(298, '02', 'Pto.Guayaramerin', 'SEGUNDA', 101),
(299, '01', 'Reyes', 'PRIMERA', 102),
(300, '02', 'San Borja', 'SEGUNDA', 102),
(301, '03', 'Santa Rosa', 'TERCERA', 102),
(302, '04', 'Pto.Rurrenabaque', 'CUARTA', 102),
(303, '01', 'Santa Ana', 'PRIMERA', 103),
(304, '02', 'Exaltacion', 'SEGUNDA', 103),
(305, '01', 'San Ignacio', 'PRIMERA', 104),
(306, '01', 'Loreto', 'PRIMERA', 105),
(307, '02', 'San Andres', 'SEGUNDA', 105),
(308, '01', 'San Joaquin', 'PRIMERA', 106),
(309, '02', 'San Ramon', 'SEGUNDA', 106),
(310, '03', 'Puerto Siles', 'TERCERA', 106),
(311, '01', 'Magdalena', 'PRIMERA', 107),
(312, '02', 'Baures', 'SEGUNDA', 107),
(313, '03', 'Huaracaje', 'TERCERA', 107),
(314, '01', 'Cobija', 'CAPITAL', 108),
(315, '02', 'Porvenir', 'SEGUNDA', 108),
(316, '03', 'Bolpebra', 'TERCERA', 108),
(317, '04', 'Bella Flor', 'CUARTA', 108),
(318, '01', 'Puerto Rico', 'PRIMERA', 109),
(319, '02', 'San Pedro-Conquista', 'SEGUNDA', 109),
(320, '03', 'Filadelfia', 'TERCERA', 109),
(321, '01', 'Pto. G. Moreno', 'PRIMERA', 110),
(322, '02', 'San Lorenzo', 'SEGUNDA', 110),
(323, '03', 'Sena', 'TERCERA', 110),
(324, '01', 'Santa Rosa', 'PRIMERA', 111),
(325, '02', 'Humaita -Ingavi', 'SEGUNDA', 111),
(326, '01', 'Nuevo Manoa - Nueva Esperanza', 'PRIMERA', 112),
(327, '02', 'Villa Nueva', 'SEGUNDA', 112),
(328, '03', 'Santos Mercado', 'TERCERA', 112);


CREATE TABLE IF NOT EXISTS provincia (
  pro_id numeric NOT NULL,
  pro_cod varchar(2) DEFAULT NULL,
  pro_des varchar(26) DEFAULT NULL,
  dep_id numeric DEFAULT NULL
);

--
-- Volcado de datos para la tabla provincia
--

INSERT INTO provincia (pro_id, pro_cod, pro_des, dep_id) VALUES
(1, '01', 'Oropeza', 1),
(2, '02', 'Azurduy', 1),
(3, '03', 'Zudañez', 1),
(4, '04', 'Tomina', 1),
(5, '05', 'Hernando Siles', 1),
(6, '06', 'Yamparaez', 1),
(7, '07', 'Nor Cinti', 1),
(8, '08', 'Belisario Boeto', 1),
(9, '09', 'Sur Cinti', 1),
(10, '10', 'Luis Calvo', 1),
(11, '01', 'Murillo', 2),
(12, '02', 'Omasuyos', 2),
(13, '03', 'Pacajes', 2),
(14, '04', 'Camacho', 2),
(15, '05', 'Muñecas', 2),
(16, '06', 'Larecaja', 2),
(17, '07', 'Franz Tamayo', 2),
(18, '08', 'Ingavi', 2),
(19, '09', 'Loayza', 2),
(20, '10', 'Inquisivi', 2),
(21, '11', 'Sur Yungas', 2),
(22, '12', 'Los Andes', 2),
(23, '13', 'Aroma', 2),
(24, '14', 'Nor Yungas', 2),
(25, '15', 'Abel Iturralde', 2),
(26, '16', 'Bautista Saavedra', 2),
(27, '17', 'Manco Kapac', 2),
(28, '18', 'Gualberto Villarroel', 2),
(29, '19', 'General Jose Manuel Pando', 2),
(30, '20', 'Caranavi', 2),
(31, '01', 'Cercado', 3),
(32, '02', 'Campero', 3),
(33, '03', 'Ayopaya', 3),
(34, '04', 'Esteban Arce', 3),
(35, '05', 'Arani', 3),
(36, '06', 'Arque', 3),
(37, '07', 'Capinota', 3),
(38, '08', 'German Jordan', 3),
(39, '09', 'Quillacollo', 3),
(40, '10', 'Chapare', 3),
(41, '11', 'Tapacari', 3),
(42, '12', 'Carrasco', 3),
(43, '13', 'Mizque', 3),
(44, '14', 'Punata', 3),
(45, '15', 'Bolivar', 3),
(46, '16', 'Tiraque', 3),
(47, '01', 'Cercado', 4),
(48, '02', 'Abaroa', 4),
(49, '03', 'Carangas', 4),
(50, '04', 'Sajama', 4),
(51, '05', 'Litoral', 4),
(52, '06', 'Poopo', 4),
(53, '07', 'Pantaleon Dalence', 4),
(54, '08', 'Ladislao Cabrera', 4),
(55, '09', 'Atahuallpa', 4),
(56, '10', 'Saucari', 4),
(57, '11', 'Tomas Barron', 4),
(58, '12', 'Sur Carangas', 4),
(59, '13', 'San Pedro De Totora', 4),
(60, '14', 'Sebastian Pagador', 4),
(61, '15', 'Mejillones', 4),
(62, '16', 'Nor Carangas', 4),
(63, '01', 'Tomas Frias', 5),
(64, '02', 'Rafael Bustillo', 5),
(65, '03', 'Cornelio Saavedra', 5),
(66, '04', 'Chayanta', 5),
(67, '05', 'Charcas', 5),
(68, '06', 'Nor Chichas', 5),
(69, '07', 'Alonso De Ibañez', 5),
(70, '08', 'Sur Chichas', 5),
(71, '09', 'Nor Lipez', 5),
(72, '10', 'Sur Lipez', 5),
(73, '11', 'Jose Maria Linares', 5),
(74, '12', 'Antonio Quijarro', 5),
(75, '13', 'General Bernardino Bilbao', 5),
(76, '14', 'Daniel Campos', 5),
(77, '15', 'Modesto Omiste', 5),
(78, '16', 'Enrique Baldivieso', 5),
(79, '01', 'Cercado', 6),
(80, '02', 'Arce', 6),
(81, '03', 'Gran Chaco', 6),
(82, '04', 'Avilez', 6),
(83, '05', 'Mendez', 6),
(84, '06', 'Burnet O Connor', 6),
(85, '01', 'Andres Ibañez', 7),
(86, '02', 'Warnes', 7),
(87, '03', 'Velasco', 7),
(88, '04', 'Ichilo', 7),
(89, '05', 'Chiquitos', 7),
(90, '06', 'Sara', 7),
(91, '07', 'Cordillera', 7),
(92, '08', 'Valle Grande', 7),
(93, '09', 'Florida', 7),
(94, '10', 'Obispo Santisteban', 7),
(95, '11', 'Ñuflo De Chavez', 7),
(96, '12', 'Angel Sandoval', 7),
(97, '13', 'Manuel M. Caballero', 7),
(98, '14', 'German Busch', 7),
(99, '15', 'Guarayos', 7),
(100, '01', 'Cercado', 8),
(101, '02', 'Vaca Diez', 8),
(102, '03', 'General Jose Ballivian', 8),
(103, '04', 'Yacuma', 8),
(104, '05', 'Moxos', 8),
(105, '06', 'Marban', 8),
(106, '07', 'Mamore', 8),
(107, '08', 'Itenez', 8),
(108, '01', 'Nicolas Suarez', 9),
(109, '02', 'Manuripi', 9),
(110, '03', 'Madre De Dios', 9),
(111, '04', 'Abuna', 9),
(112, '05', 'Federico Roman', 9);


CREATE TABLE IF NOT EXISTS tipoact (
  tipo_id numeric NOT NULL primary key,
  tipo_nom varchar(50) NOT NULL,
  us_id numeric NOT NULL,
  tipo_est numeric NOT NULL DEFAULT '1'
);

--
-- Volcado de datos para la tabla tipoact
--

INSERT INTO tipoact (tipo_id, tipo_nom, us_id, tipo_est) VALUES
(1, 'Taller', 1, 1),
(2, 'Asesoramiento Juridico', 1, 1),
(3, 'Trabajo de Campo', 1, 1),
(4, 'Firma de Convenio', 1, 1),
(5, 'Otros', 1, 1),
(6, 'Reuniones', 1, 1),
(7, 'Investigacion', 1, 1);

CREATE TABLE IF NOT EXISTS sub_tipoact (
  sub_id numeric NOT NULL primary key,
  sub_nom varchar(120) NOT NULL,
  tipo_id numeric NOT NULL,
  us_id numeric NOT NULL,
  sub_est numeric NOT NULL DEFAULT '1'
);

--
-- Volcado de datos para la tabla sub_tipoact
--

INSERT INTO sub_tipoact (sub_id, sub_nom, tipo_id, us_id, sub_est) VALUES
(1, 'Información General en Comunidades Nuevas', 1, 1, 1),
(2, 'Capacitación', 1, 1, 1),
(3, 'Seguimiento', 1, 1, 1),
(4, 'Conciliación de Conflictos', 2, 1, 1),
(5, 'Información Jurídica', 2, 1, 1),
(6, 'Trámites Jurídicos', 2, 1, 1),
(7, 'Reconocimiento de Linderos Internos', 3, 1, 1),
(8, 'Reconocimiento de Linderos Externos', 3, 1, 1),
(9, 'Firma de Convenio', 4, 1, 1),
(10, 'Otros', 5, 1, 1),
(11, 'Red de Densificación Geodésica', 3, 1, 1),
(12, 'Curso de Formacion', 1, 1, 1),
(13, 'de Evaluacion', 6, 1, 1),
(14, 'de Coordinacion', 6, 1, 1),
(15, 'de Asesoramiento', 6, 1, 1),
(16, 'Otros', 6, 1, 1),
(17, 'Encuestas', 7, 1, 1),
(18, 'Grupo Focal', 7, 1, 1),
(19, 'Entrevista', 7, 1, 1),
(20, 'Otros', 7, 1, 1);

ALTER TABLE sub_tipoact ADD FOREIGN KEY(tipo_id) REFERENCES tipoact(tipo_id);








CREATE TABLE IF NOT EXISTS actividad (
  act_id numeric NOT NULL primary key,
  act_fecha date NOT NULL,
  act_resp varchar(8) NOT NULL,
  act_resumen text,
  act_obs text,
  act_nrobase_hom numeric NOT NULL DEFAULT '0',
  act_nrobase_muj numeric NOT NULL DEFAULT '0',
  act_nrobase_tot numeric NOT NULL DEFAULT '0',
  act_nroaut_hom numeric NOT NULL DEFAULT '0',
  act_nroaut_muj numeric NOT NULL DEFAULT '0',
  act_nroaut_tot numeric NOT NULL DEFAULT '0',
  act_nropro_hom numeric NOT NULL DEFAULT '0',
  act_nropro_muj numeric NOT NULL DEFAULT '0',
  act_nropro_tot numeric NOT NULL DEFAULT '0',
  act_nroorg_hom numeric NOT NULL DEFAULT '0',
  act_nroorg_muj numeric NOT NULL DEFAULT '0',
  act_nroorg_tot numeric NOT NULL DEFAULT '0',
  act_nrogam_hom numeric NOT NULL DEFAULT '0',
  act_nrogam_muj numeric NOT NULL DEFAULT '0',
  act_nrogam_tot numeric NOT NULL DEFAULT '0',
  act_totaut numeric NULL DEFAULT '0',
  act_dias numeric DEFAULT '0',
  sub_id numeric NOT NULL,
  com_id numeric NOT NULL,
  id_estado numeric NOT NULL DEFAULT 1::numeric,
  py_id varchar(20) NOT NULL,
  f_registro timestamp
);

CREATE SEQUENCE sq_actividad
start 1
increment 1;
CREATE SEQUENCE sq_l_integrantes
start 1
increment 1;
CREATE SEQUENCE sq_l_com
start 1
increment 1;

CREATE TABLE IF NOT EXISTS l_integrantes(
id_integrante numeric primary key,
id_personal varchar(8),
id_act numeric
);
CREATE TABLE IF NOT EXISTS l_com(
id_com numeric primary key,
id_comunidad numeric,
id_act numeric
);

ALTER TABLE l_integrantes ADD FOREIGN KEY(id_act) REFERENCES actividad(act_id);
ALTER TABLE l_com ADD FOREIGN KEY(id_act) REFERENCES actividad(act_id);


ALTER TABLE actividad ADD FOREIGN KEY(sub_id) REFERENCES sub_tipoact(sub_id);
ALTER TABLE actividad ADD FOREIGN KEY(com_id) REFERENCES comunidad(com_id);
ALTER TABLE actividad ADD FOREIGN KEY(id_estado) REFERENCES estado(id_estado);
ALTER TABLE actividad ADD FOREIGN KEY(py_id) REFERENCES proyecto(id_proyecto);